bias,event,kind,mae,method,rmse,skill,spread,tstd,var
0.4596160352230072,Florence,tropical_cyclone,0.8550294041633606,ERA5 interp,1.082174301147461,,,2.9800827503204346,T2
0.22596368193626404,Florence,tropical_cyclone,0.6945405006408691,DRN,0.9217529892921448,,,2.9800827503204346,T2
0.0007531826850026846,Florence,tropical_cyclone,0.7430272698402405,Ens mean,1.0023441314697266,,,2.9800827503204346,T2
0.030130717903375626,Florence,tropical_cyclone,0.7267608642578125,Ens member,0.9845804572105408,,,2.9800827503204346,T2
nan,Florence,tropical_cyclone,0.5315573811531067,CRPS,nan,1.0023441314697266,0.6377614140510559,2.9800827503204346,T2
-0.35250967741012573,Florence,tropical_cyclone,0.7772873640060425,ERA5 interp,1.022278904914856,,,2.2676291465759277,TD2
-0.19126886129379272,Florence,tropical_cyclone,0.7015158534049988,DRN,0.9178860187530518,,,2.2676291465759277,TD2
0.3326544463634491,Florence,tropical_cyclone,0.9184013605117798,Ens mean,1.1505588293075562,,,2.2676291465759277,TD2
0.4949466586112976,Florence,tropical_cyclone,1.2915982007980347,Ens member,1.6527444124221802,,,2.2676291465759277,TD2
nan,Florence,tropical_cyclone,0.5847923755645752,CRPS,nan,1.1505588293075562,1.1908888816833496,2.2676291465759277,TD2
-0.2724032700061798,Florence,tropical_cyclone,0.6468998789787292,ERA5 interp,1.0112690925598145,,,1.7440903186798096,U10
0.0015692736487835646,Florence,tropical_cyclone,0.40627479553222656,DRN,0.6254876255989075,,,1.7440903186798096,U10
-0.13864769041538239,Florence,tropical_cyclone,0.5093348026275635,Ens mean,0.777906060218811,,,1.7440903186798096,U10
-0.27722999453544617,Florence,tropical_cyclone,0.6877287030220032,Ens member,0.9898805618286133,,,1.7440903186798096,U10
nan,Florence,tropical_cyclone,0.3488549292087555,CRPS,nan,0.777906060218811,0.6636327505111694,1.7440903186798096,U10
0.015372085385024548,Florence,tropical_cyclone,0.6083736419677734,ERA5 interp,0.8622398972511292,,,1.9441159963607788,V10
-0.006731068249791861,Florence,tropical_cyclone,0.459722638130188,DRN,0.6860492825508118,,,1.9441159963607788,V10
-0.13760732114315033,Florence,tropical_cyclone,0.5395904779434204,Ens mean,0.7733614444732666,,,1.9441159963607788,V10
-0.19512011110782623,Florence,tropical_cyclone,0.8053223490715027,Ens member,1.0706223249435425,,,1.9441159963607788,V10
nan,Florence,tropical_cyclone,0.3550746738910675,CRPS,nan,0.7733614444732666,0.6880992650985718,1.9441159963607788,V10
-11.594860076904297,Florence,tropical_cyclone,276.1793212890625,ERA5 interp,498.4752197265625,,,1961.186767578125,PSFC
-97.96753692626953,Florence,tropical_cyclone,163.9736785888672,DRN,297.7720031738281,,,1961.186767578125,PSFC
-87.61760711669922,Florence,tropical_cyclone,165.0582275390625,Ens mean,299.10723876953125,,,1961.186767578125,PSFC
-92.51170349121094,Florence,tropical_cyclone,177.66693115234375,Ens member,318.25341796875,,,1961.186767578125,PSFC
nan,Florence,tropical_cyclone,136.7401580810547,CRPS,nan,299.10723876953125,84.88135528564453,1961.186767578125,PSFC
1.2860441207885742,Florence,tropical_cyclone,3.5859262943267822,ERA5 interp,13.92912483215332,,,19.329669952392578,PREC
-0.22154618799686432,Florence,tropical_cyclone,2.9828853607177734,DRN,14.919012069702148,,,19.329669952392578,PREC
1.1150836944580078,Florence,tropical_cyclone,4.216360569000244,Ens mean,17.351842880249023,,,19.329669952392578,PREC
0.057309310883283615,Florence,tropical_cyclone,4.290741443634033,Ens member,22.146560668945312,,,19.329669952392578,PREC
nan,Florence,tropical_cyclone,2.2714128494262695,CRPS,nan,17.351842880249023,29.234989166259766,19.329669952392578,PREC
0.2728503942489624,Florence,tropical_cyclone,0.6697475910186768,ERA5 interp,1.0708417892456055,,,1.8943760395050049,WS
-0.09243950247764587,Florence,tropical_cyclone,0.4631500542163849,DRN,0.7260579466819763,,,1.8943760395050049,WS
0.16371041536331177,Florence,tropical_cyclone,0.5472845435142517,Ens mean,0.8119704723358154,,,1.8943760395050049,WS
0.22152413427829742,Florence,tropical_cyclone,0.7549640536308289,Ens member,1.0467376708984375,,,1.8943760395050049,WS
nan,Florence,tropical_cyclone,0.36816659569740295,CRPS,nan,0.8119704723358154,0.6468479633331299,1.8943760395050049,WS
-3.773064136505127,Florence,tropical_cyclone,5.9646782875061035,ERA5 interp,7.795506000518799,,,7.40902042388916,RH
-2.0730226039886475,Florence,tropical_cyclone,4.619197368621826,DRN,5.82220983505249,,,7.40902042388916,RH
1.4336234331130981,Florence,tropical_cyclone,5.211747169494629,Ens mean,6.614304065704346,,,7.40902042388916,RH
2.1843271255493164,Florence,tropical_cyclone,6.957437515258789,Ens member,8.653481483459473,,,7.40902042388916,RH
nan,Florence,tropical_cyclone,3.6022543907165527,CRPS,nan,6.614304065704346,5.729817867279053,7.40902042388916,RH
1.3351465463638306,Florence,tropical_cyclone,2.1620404720306396,ERA5 interp,2.8678297996520996,,,3.201387643814087,VPD
0.7205957174301147,Florence,tropical_cyclone,1.5915013551712036,DRN,2.008014440536499,,,3.201387643814087,VPD
-0.4334115982055664,Florence,tropical_cyclone,1.7467869520187378,Ens mean,2.2510430812835693,,,3.201387643814087,VPD
-0.729386568069458,Florence,tropical_cyclone,2.312861442565918,Ens member,2.9573330879211426,,,3.201387643814087,VPD
nan,Florence,tropical_cyclone,1.2143855094909668,CRPS,nan,2.2510430812835693,1.9154706001281738,3.201387643814087,VPD
0.9602162837982178,Florence,tropical_cyclone,1.620705008506775,ERA5 interp,2.2788119316101074,,,3.801624059677124,FFWI
0.014363943599164486,Florence,tropical_cyclone,1.2225587368011475,DRN,1.9322457313537598,,,3.801624059677124,FFWI
-0.1638394296169281,Florence,tropical_cyclone,1.508199691772461,Ens mean,2.319441318511963,,,3.801624059677124,FFWI
-0.3420657813549042,Florence,tropical_cyclone,1.933156967163086,Ens member,2.8940088748931885,,,3.801624059677124,FFWI
nan,Florence,tropical_cyclone,1.0174860954284668,CRPS,nan,2.319441318511963,1.9828635454177856,3.801624059677124,FFWI
3.959101915359497,Florence,tropical_cyclone,6.48614501953125,ERA5 interp,9.733003616333008,,,13.887031555175781,HDW
0.1693507879972458,Florence,tropical_cyclone,4.65457010269165,DRN,7.469395637512207,,,13.887031555175781,HDW
-0.8991374373435974,Florence,tropical_cyclone,5.74115514755249,Ens mean,9.225205421447754,,,13.887031555175781,HDW
-2.0243654251098633,Florence,tropical_cyclone,7.415422439575195,Ens member,11.48737621307373,,,13.887031555175781,HDW
nan,Florence,tropical_cyclone,3.9400060176849365,CRPS,nan,9.225205421447754,8.057474136352539,13.887031555175781,HDW
0.163874551653862,Michael,tropical_cyclone,0.8543707132339478,ERA5 interp,1.0516496896743774,,,3.325070381164551,T2
0.34107133746147156,Michael,tropical_cyclone,0.7647236585617065,DRN,0.9129472374916077,,,3.325070381164551,T2
0.08040080219507217,Michael,tropical_cyclone,0.7191466689109802,Ens mean,0.8957192897796631,,,3.325070381164551,T2
0.0708622932434082,Michael,tropical_cyclone,0.8657684922218323,Ens member,1.101652979850769,,,3.325070381164551,T2
nan,Michael,tropical_cyclone,0.48168593645095825,CRPS,nan,0.8957192897796631,0.7385550737380981,3.325070381164551,T2
-0.2625329792499542,Michael,tropical_cyclone,0.6300704479217529,ERA5 interp,0.8400292992591858,,,3.023059368133545,TD2
0.13326327502727509,Michael,tropical_cyclone,0.4846034049987793,DRN,0.6390551328659058,,,3.023059368133545,TD2
0.45345577597618103,Michael,tropical_cyclone,0.6993412375450134,Ens mean,0.8674171566963196,,,3.023059368133545,TD2
0.3383377492427826,Michael,tropical_cyclone,0.9376253485679626,Ens member,1.2104036808013916,,,3.023059368133545,TD2
nan,Michael,tropical_cyclone,0.4537539482116699,CRPS,nan,0.8674171566963196,1.0162925720214844,3.023059368133545,TD2
-0.06800919771194458,Michael,tropical_cyclone,0.6385655403137207,ERA5 interp,0.9096639752388,,,2.0964338779449463,U10
0.07426679879426956,Michael,tropical_cyclone,0.4452308714389801,DRN,0.6452189683914185,,,2.0964338779449463,U10
-0.012555032037198544,Michael,tropical_cyclone,0.4792676270008087,Ens mean,0.670132040977478,,,2.0964338779449463,U10
0.01245517935603857,Michael,tropical_cyclone,0.6700127720832825,Ens member,0.8693036437034607,,,2.0964338779449463,U10
nan,Michael,tropical_cyclone,0.32698431611061096,CRPS,nan,0.670132040977478,0.5958294868469238,2.0964338779449463,U10
0.4314537048339844,Michael,tropical_cyclone,0.9595232009887695,ERA5 interp,1.2404946088790894,,,1.7263890504837036,V10
0.18114645779132843,Michael,tropical_cyclone,0.5662848353385925,DRN,0.7551921010017395,,,1.7263890504837036,V10
0.08999065309762955,Michael,tropical_cyclone,0.6111175417900085,Ens mean,0.8172919750213623,,,1.7263890504837036,V10
0.09963113814592361,Michael,tropical_cyclone,0.9750601053237915,Ens member,1.272866129875183,,,1.7263890504837036,V10
nan,Michael,tropical_cyclone,0.4155193567276001,CRPS,nan,0.8172919750213623,0.7176063656806946,1.7263890504837036,V10
2.6826229095458984,Michael,tropical_cyclone,224.6802520751953,ERA5 interp,433.7904052734375,,,1902.7255859375,PSFC
-49.43516159057617,Michael,tropical_cyclone,194.00564575195312,DRN,281.417236328125,,,1902.7255859375,PSFC
-35.754478454589844,Michael,tropical_cyclone,196.31729125976562,Ens mean,281.55615234375,,,1902.7255859375,PSFC
-38.62028884887695,Michael,tropical_cyclone,212.69003295898438,Ens member,297.6460266113281,,,1902.7255859375,PSFC
nan,Michael,tropical_cyclone,156.246337890625,CRPS,nan,281.55615234375,108.04226684570312,1902.7255859375,PSFC
1.1602363586425781,Michael,tropical_cyclone,11.065792083740234,ERA5 interp,18.56696891784668,,,20.06842613220215,PREC
-3.84006667137146,Michael,tropical_cyclone,8.61138916015625,DRN,17.608022689819336,,,20.06842613220215,PREC
4.673051834106445,Michael,tropical_cyclone,12.926322937011719,Ens mean,21.44220733642578,,,20.06842613220215,PREC
6.26730489730835,Michael,tropical_cyclone,17.488632202148438,Ens member,45.34099197387695,,,20.06842613220215,PREC
nan,Michael,tropical_cyclone,6.530052185058594,CRPS,nan,21.44220733642578,32.34832763671875,20.06842613220215,PREC
0.6218032240867615,Michael,tropical_cyclone,0.9428645372390747,ERA5 interp,1.2606374025344849,,,1.4846241474151611,WS
-0.0037841596640646458,Michael,tropical_cyclone,0.5503255724906921,DRN,0.7844056487083435,,,1.4846241474151611,WS
0.14341722428798676,Michael,tropical_cyclone,0.5926331877708435,Ens mean,0.8091476559638977,,,1.4846241474151611,WS
0.2945670783519745,Michael,tropical_cyclone,0.863916277885437,Ens member,1.1154001951217651,,,1.4846241474151611,WS
nan,Michael,tropical_cyclone,0.4152149558067322,CRPS,nan,0.8091476559638977,0.6313276886940002,1.4846241474151611,WS
-2.281294822692871,Michael,tropical_cyclone,5.569803714752197,ERA5 interp,6.900293350219727,,,5.854614734649658,RH
-1.1391055583953857,Michael,tropical_cyclone,4.250845909118652,DRN,5.368223190307617,,,5.854614734649658,RH
1.8062477111816406,Michael,tropical_cyclone,4.340394496917725,Ens mean,5.687554359436035,,,5.854614734649658,RH
1.4572945833206177,Michael,tropical_cyclone,5.867751598358154,Ens member,7.5860795974731445,,,5.854614734649658,RH
nan,Michael,tropical_cyclone,2.9336159229278564,CRPS,nan,5.687554359436035,5.944737434387207,5.854614734649658,RH
0.5591509342193604,Michael,tropical_cyclone,1.7693755626678467,ERA5 interp,2.225412607192993,,,2.1427996158599854,VPD
0.3112405836582184,Michael,tropical_cyclone,1.3994076251983643,DRN,1.804235577583313,,,2.1427996158599854,VPD
-0.5311068296432495,Michael,tropical_cyclone,1.407304286956787,Ens mean,1.9419255256652832,,,2.1427996158599854,VPD
-0.31881070137023926,Michael,tropical_cyclone,1.8475937843322754,Ens member,2.4726643562316895,,,2.1427996158599854,VPD
nan,Michael,tropical_cyclone,0.9665549993515015,CRPS,nan,1.9419255256652832,1.8363302946090698,2.1427996158599854,VPD
1.4979248046875,Michael,tropical_cyclone,2.3751747608184814,ERA5 interp,2.9053688049316406,,,2.7436683177948,FFWI
0.0858161449432373,Michael,tropical_cyclone,1.6187314987182617,DRN,2.184375047683716,,,2.7436683177948,FFWI
-0.34611111879348755,Michael,tropical_cyclone,1.6177157163619995,Ens mean,2.330570697784424,,,2.7436683177948,FFWI
-0.04474203288555145,Michael,tropical_cyclone,2.123749256134033,Ens member,2.857107400894165,,,2.7436683177948,FFWI
nan,Michael,tropical_cyclone,1.1417407989501953,CRPS,nan,2.330570697784424,1.6522787809371948,2.7436683177948,FFWI
3.9451303482055664,Michael,tropical_cyclone,7.486021041870117,ERA5 interp,9.31544303894043,,,9.540375709533691,HDW
-0.014259793795645237,Michael,tropical_cyclone,5.499975681304932,DRN,7.785449981689453,,,9.540375709533691,HDW
-1.7107137441635132,Michael,tropical_cyclone,5.623672962188721,Ens mean,8.775066375732422,,,9.540375709533691,HDW
-0.565672755241394,Michael,tropical_cyclone,7.313307285308838,Ens member,10.419883728027344,,,9.540375709533691,HDW
nan,Michael,tropical_cyclone,4.000072956085205,CRPS,nan,8.775066375732422,5.8578362464904785,9.540375709533691,HDW
0.3476411998271942,CampFire_wind,fire_weather,1.5543268918991089,ERA5 interp,2.113447666168213,,,9.186150550842285,T2
-0.47030705213546753,CampFire_wind,fire_weather,1.113642692565918,DRN,1.5456552505493164,,,9.186150550842285,T2
-0.6168447136878967,CampFire_wind,fire_weather,1.1374845504760742,Ens mean,1.54280686378479,,,9.186150550842285,T2
-0.6515787839889526,CampFire_wind,fire_weather,1.264490008354187,Ens member,1.6866731643676758,,,9.186150550842285,T2
nan,CampFire_wind,fire_weather,0.8603004813194275,CRPS,nan,1.54280686378479,0.7260620594024658,9.186150550842285,T2
0.5480735898017883,CampFire_wind,fire_weather,2.6610283851623535,ERA5 interp,3.4795494079589844,,,6.196786880493164,TD2
-0.3642708957195282,CampFire_wind,fire_weather,1.499940276145935,DRN,1.937069296836853,,,6.196786880493164,TD2
0.46700426936149597,CampFire_wind,fire_weather,1.7250491380691528,Ens mean,2.3147478103637695,,,6.196786880493164,TD2
0.3994314670562744,CampFire_wind,fire_weather,2.090946674346924,Ens member,2.731351375579834,,,6.196786880493164,TD2
nan,CampFire_wind,fire_weather,1.175574541091919,CRPS,nan,2.3147478103637695,1.7608115673065186,6.196786880493164,TD2
0.3637656271457672,CampFire_wind,fire_weather,1.3119741678237915,ERA5 interp,1.9411945343017578,,,2.605071783065796,U10
0.03658624738454819,CampFire_wind,fire_weather,0.5999255776405334,DRN,0.8623339533805847,,,2.605071783065796,U10
-0.09457782655954361,CampFire_wind,fire_weather,0.7359941601753235,Ens mean,1.032447338104248,,,2.605071783065796,U10
-0.12842422723770142,CampFire_wind,fire_weather,0.884396493434906,Ens member,1.2124966382980347,,,2.605071783065796,U10
nan,CampFire_wind,fire_weather,0.515430212020874,CRPS,nan,1.032447338104248,0.7601094841957092,2.605071783065796,U10
0.6883726716041565,CampFire_wind,fire_weather,1.2163560390472412,ERA5 interp,1.7953526973724365,,,2.0543174743652344,V10
0.0023399104829877615,CampFire_wind,fire_weather,0.5713209509849548,DRN,0.7948694825172424,,,2.0543174743652344,V10
-0.10078825056552887,CampFire_wind,fire_weather,0.6774236559867859,Ens mean,0.9177926778793335,,,2.0543174743652344,V10
-0.09537623822689056,CampFire_wind,fire_weather,0.8887045383453369,Ens member,1.1667133569717407,,,2.0543174743652344,V10
nan,CampFire_wind,fire_weather,0.46615755558013916,CRPS,nan,0.9177926778793335,0.7361164689064026,2.0543174743652344,V10
-30.04485511779785,CampFire_wind,fire_weather,1607.953125,ERA5 interp,2206.07421875,,,7657.880859375,PSFC
-718.6756591796875,CampFire_wind,fire_weather,763.8889770507812,DRN,1454.9027099609375,,,7657.880859375,PSFC
-703.4971923828125,CampFire_wind,fire_weather,769.0200805664062,Ens mean,1457.898193359375,,,7657.880859375,PSFC
-702.4425048828125,CampFire_wind,fire_weather,778.7291870117188,Ens member,1462.3626708984375,,,7657.880859375,PSFC
nan,CampFire_wind,fire_weather,738.8231201171875,CRPS,nan,1457.898193359375,73.69068145751953,7657.880859375,PSFC
0.010173983871936798,CampFire_wind,fire_weather,0.11178580671548843,ERA5 interp,0.41318178176879883,,,0.5476860404014587,PREC
-0.03386858105659485,CampFire_wind,fire_weather,0.1171112060546875,DRN,0.41608667373657227,,,0.5476860404014587,PREC
-0.030125344172120094,CampFire_wind,fire_weather,0.13033147156238556,Ens mean,0.4433106780052185,,,0.5476860404014587,PREC
-0.05434901639819145,CampFire_wind,fire_weather,0.14271225035190582,Ens member,0.4977245330810547,,,0.5476860404014587,PREC
nan,CampFire_wind,fire_weather,0.09020169824361801,CRPS,nan,0.4433106780052185,0.3869766891002655,0.5476860404014587,PREC
-1.0547442436218262,CampFire_wind,fire_weather,1.4654604196548462,ERA5 interp,2.2850520610809326,,,2.239877939224243,WS
-0.11869320273399353,CampFire_wind,fire_weather,0.6269403696060181,DRN,0.904873788356781,,,2.239877939224243,WS
0.19779472053050995,CampFire_wind,fire_weather,0.7294679284095764,Ens mean,1.0218325853347778,,,2.239877939224243,WS
0.199756920337677,CampFire_wind,fire_weather,0.8800533413887024,Ens member,1.195993423461914,,,2.239877939224243,WS
nan,CampFire_wind,fire_weather,0.5117050409317017,CRPS,nan,1.0218325853347778,0.7056118845939636,2.239877939224243,WS
1.5119249820709229,CampFire_wind,fire_weather,9.59312629699707,ERA5 interp,12.546825408935547,,,19.24460220336914,RH
-0.3520883023738861,CampFire_wind,fire_weather,6.037477016448975,DRN,8.155723571777344,,,19.24460220336914,RH
3.917790412902832,CampFire_wind,fire_weather,7.433678150177002,Ens mean,10.146078109741211,,,19.24460220336914,RH
3.9046788215637207,CampFire_wind,fire_weather,8.579813003540039,Ens member,11.74311637878418,,,19.24460220336914,RH
nan,CampFire_wind,fire_weather,5.394331932067871,CRPS,nan,10.146078109741211,5.857609272003174,19.24460220336914,RH
-0.03867942839860916,CampFire_wind,fire_weather,0.9928804636001587,ERA5 interp,1.4350578784942627,,,4.57011604309082,VPD
-0.2277887910604477,CampFire_wind,fire_weather,0.6764582991600037,DRN,1.1548638343811035,,,4.57011604309082,VPD
-0.6017984747886658,CampFire_wind,fire_weather,0.8301395177841187,Ens mean,1.3626055717468262,,,4.57011604309082,VPD
-0.6305641531944275,CampFire_wind,fire_weather,0.9070886373519897,Ens member,1.4305931329727173,,,4.57011604309082,VPD
nan,CampFire_wind,fire_weather,0.667198657989502,CRPS,nan,1.3626055717468262,0.4642045199871063,4.57011604309082,VPD
-3.8978214263916016,CampFire_wind,fire_weather,5.4979658126831055,ERA5 interp,9.198763847351074,,,9.865548133850098,FFWI
-0.3042086064815521,CampFire_wind,fire_weather,2.6596014499664307,DRN,4.094145774841309,,,9.865548133850098,FFWI
0.07126107066869736,CampFire_wind,fire_weather,3.0644025802612305,Ens mean,4.575928211212158,,,9.865548133850098,FFWI
0.06644553691148758,CampFire_wind,fire_weather,3.6471669673919678,Ens member,5.2637553215026855,,,9.865548133850098,FFWI
nan,CampFire_wind,fire_weather,2.1917035579681396,CRPS,nan,4.575928211212158,2.8815455436706543,9.865548133850098,FFWI
-4.6090240478515625,CampFire_wind,fire_weather,7.195977687835693,ERA5 interp,14.978616714477539,,,20.093345642089844,HDW
-0.8058730959892273,CampFire_wind,fire_weather,3.8818275928497314,DRN,7.570499420166016,,,20.093345642089844,HDW
-0.342036634683609,CampFire_wind,fire_weather,4.159035682678223,Ens mean,7.776885509490967,,,20.093345642089844,HDW
-0.5975863933563232,CampFire_wind,fire_weather,4.859331130981445,Ens member,8.7462797164917,,,20.093345642089844,HDW
nan,CampFire_wind,fire_weather,3.0355005264282227,CRPS,nan,7.776885509490967,4.558394908905029,20.093345642089844,HDW
3.300121784210205,PolarVortex,cold_outbreak,3.6429829597473145,ERA5 interp,4.267529487609863,,,12.38172721862793,T2
0.2550862431526184,PolarVortex,cold_outbreak,1.5967923402786255,DRN,2.0868706703186035,,,12.38172721862793,T2
-0.011539584957063198,PolarVortex,cold_outbreak,1.681204080581665,Ens mean,2.2095425128936768,,,12.38172721862793,T2
0.014445703476667404,PolarVortex,cold_outbreak,1.8275158405303955,Ens member,2.3888564109802246,,,12.38172721862793,T2
nan,PolarVortex,cold_outbreak,1.3183716535568237,CRPS,nan,2.2095425128936768,0.9005829691886902,12.38172721862793,T2
3.3008694648742676,PolarVortex,cold_outbreak,4.119765758514404,ERA5 interp,5.015771389007568,,,10.732318878173828,TD2
0.45307657122612,PolarVortex,cold_outbreak,1.9591155052185059,DRN,2.464606285095215,,,10.732318878173828,TD2
1.0826871395111084,PolarVortex,cold_outbreak,2.5941007137298584,Ens mean,3.1872570514678955,,,10.732318878173828,TD2
1.1934839487075806,PolarVortex,cold_outbreak,2.8696095943450928,Ens member,3.6013498306274414,,,10.732318878173828,TD2
nan,PolarVortex,cold_outbreak,1.8934755325317383,CRPS,nan,3.1872570514678955,1.889441967010498,10.732318878173828,TD2
0.31584683060646057,PolarVortex,cold_outbreak,0.9572975039482117,ERA5 interp,1.263272762298584,,,2.641371011734009,U10
0.04327395558357239,PolarVortex,cold_outbreak,0.6612090468406677,DRN,0.968779444694519,,,2.641371011734009,U10
-0.03416293114423752,PolarVortex,cold_outbreak,0.7274686098098755,Ens mean,1.0529701709747314,,,2.641371011734009,U10
-0.0645894855260849,PolarVortex,cold_outbreak,0.8929168581962585,Ens member,1.2338839769363403,,,2.641371011734009,U10
nan,PolarVortex,cold_outbreak,0.5134176015853882,CRPS,nan,1.0529701709747314,0.754194438457489,2.641371011734009,U10
-0.34724366664886475,PolarVortex,cold_outbreak,0.8428641557693481,ERA5 interp,1.124274492263794,,,2.213852643966675,V10
0.06057703495025635,PolarVortex,cold_outbreak,0.5797618627548218,DRN,0.8811766505241394,,,2.213852643966675,V10
0.005713365040719509,PolarVortex,cold_outbreak,0.6342716217041016,Ens mean,0.9296779036521912,,,2.213852643966675,V10
0.015660421922802925,PolarVortex,cold_outbreak,0.7692355513572693,Ens member,1.0800970792770386,,,2.213852643966675,V10
nan,PolarVortex,cold_outbreak,0.4445951282978058,CRPS,nan,0.9296779036521912,0.6692624092102051,2.213852643966675,V10
-40.26528549194336,PolarVortex,cold_outbreak,310.6398620605469,ERA5 interp,486.9532165527344,,,2247.152587890625,PSFC
-26.326723098754883,PolarVortex,cold_outbreak,140.33798217773438,DRN,204.058837890625,,,2247.152587890625,PSFC
-11.078879356384277,PolarVortex,cold_outbreak,145.46165466308594,Ens mean,208.2037811279297,,,2247.152587890625,PSFC
-13.394195556640625,PolarVortex,cold_outbreak,148.3951873779297,Ens member,214.20632934570312,,,2247.152587890625,PSFC
nan,PolarVortex,cold_outbreak,117.62178039550781,CRPS,nan,208.2037811279297,67.72235870361328,2247.152587890625,PSFC
0.04352395236492157,PolarVortex,cold_outbreak,0.40708988904953003,ERA5 interp,0.8193545341491699,,,1.1313416957855225,PREC
-0.03369155898690224,PolarVortex,cold_outbreak,0.36904069781303406,DRN,0.8514313101768494,,,1.1313416957855225,PREC
-0.008025363087654114,PolarVortex,cold_outbreak,0.38854819536209106,Ens mean,0.8850822448730469,,,1.1313416957855225,PREC
-0.008127533830702305,PolarVortex,cold_outbreak,0.47606781125068665,Ens member,1.197461485862732,,,1.1313416957855225,PREC
nan,PolarVortex,cold_outbreak,0.25107401609420776,CRPS,nan,0.8850822448730469,0.7720666527748108,1.1313416957855225,PREC
0.027041345834732056,PolarVortex,cold_outbreak,0.9523361921310425,ERA5 interp,1.3082125186920166,,,2.1154749393463135,WS
-0.19545046985149384,PolarVortex,cold_outbreak,0.6900099515914917,DRN,1.080664873123169,,,2.1154749393463135,WS
-0.13397178053855896,PolarVortex,cold_outbreak,0.7426824569702148,Ens mean,1.129689335823059,,,2.1154749393463135,WS
-0.1317892223596573,PolarVortex,cold_outbreak,0.8437457084655762,Ens member,1.2320526838302612,,,2.1154749393463135,WS
nan,PolarVortex,cold_outbreak,0.5333812236785889,CRPS,nan,1.129689335823059,0.6895472407341003,2.1154749393463135,WS
-2.4057397842407227,PolarVortex,cold_outbreak,12.384995460510254,ERA5 interp,14.356417655944824,,,20.418405532836914,RH
0.31628739833831787,PolarVortex,cold_outbreak,5.971134185791016,DRN,7.662713050842285,,,20.418405532836914,RH
5.372309684753418,PolarVortex,cold_outbreak,8.783220291137695,Ens mean,10.99256420135498,,,20.418405532836914,RH
5.69464635848999,PolarVortex,cold_outbreak,10.042614936828613,Ens member,12.559694290161133,,,20.418405532836914,RH
nan,PolarVortex,cold_outbreak,6.40954065322876,CRPS,nan,10.99256420135498,7.378269672393799,20.418405532836914,RH
0.23963049054145813,PolarVortex,cold_outbreak,0.3855663239955902,ERA5 interp,0.5664710402488708,,,1.04502272605896,VPD
0.04542911797761917,PolarVortex,cold_outbreak,0.18408527970314026,DRN,0.2990957498550415,,,1.04502272605896,VPD
-0.05629964917898178,PolarVortex,cold_outbreak,0.19392092525959015,Ens mean,0.30028510093688965,,,1.04502272605896,VPD
-0.06447048485279083,PolarVortex,cold_outbreak,0.2012328952550888,Ens member,0.30702030658721924,,,1.04502272605896,VPD
nan,PolarVortex,cold_outbreak,0.15108346939086914,CRPS,nan,0.30028510093688965,0.14322608709335327,1.04502272605896,VPD
1.2559998035430908,PolarVortex,cold_outbreak,4.124721527099609,ERA5 interp,5.402693748474121,,,6.2061285972595215,FFWI
-0.44405263662338257,PolarVortex,cold_outbreak,2.235367774963379,DRN,3.26167631149292,,,6.2061285972595215,FFWI
-1.6073511838912964,PolarVortex,cold_outbreak,2.8845701217651367,Ens mean,4.144490718841553,,,6.2061285972595215,FFWI
-1.4217389822006226,PolarVortex,cold_outbreak,3.3272244930267334,Ens member,4.654452800750732,,,6.2061285972595215,FFWI
nan,PolarVortex,cold_outbreak,2.102510929107666,CRPS,nan,4.144490718841553,2.8813650608062744,6.2061285972595215,FFWI
0.7814172506332397,PolarVortex,cold_outbreak,1.64311945438385,ERA5 interp,2.312953472137451,,,3.136646270751953,HDW
-0.09841222316026688,PolarVortex,cold_outbreak,0.7549432516098022,DRN,1.2390658855438232,,,3.136646270751953,HDW
-0.32813915610313416,PolarVortex,cold_outbreak,0.864635169506073,Ens mean,1.403069019317627,,,3.136646270751953,HDW
-0.3145773708820343,PolarVortex,cold_outbreak,0.935563325881958,Ens member,1.514944076538086,,,3.136646270751953,HDW
nan,PolarVortex,cold_outbreak,0.6343712210655212,CRPS,nan,1.403069019317627,0.8666788339614868,3.136646270751953,HDW
-0.047821592539548874,BombCyclone,extratropical_storm,1.6210591793060303,ERA5 interp,2.2342216968536377,,,7.143139362335205,T2
-0.3777799904346466,BombCyclone,extratropical_storm,0.693871021270752,DRN,1.014092206954956,,,7.143139362335205,T2
-0.6609731912612915,BombCyclone,extratropical_storm,0.8678907752037048,Ens mean,1.2287650108337402,,,7.143139362335205,T2
-0.6513053178787231,BombCyclone,extratropical_storm,1.0317151546478271,Ens member,1.3748241662979126,,,7.143139362335205,T2
nan,BombCyclone,extratropical_storm,0.6232693791389465,CRPS,nan,1.2287650108337402,0.7685157656669617,7.143139362335205,T2
-0.08420271426439285,BombCyclone,extratropical_storm,1.351050615310669,ERA5 interp,1.7061967849731445,,,7.516983509063721,TD2
-0.24844501912593842,BombCyclone,extratropical_storm,0.858913242816925,DRN,1.1602225303649902,,,7.516983509063721,TD2
0.10677387565374374,BombCyclone,extratropical_storm,0.8644169569015503,Ens mean,1.1753089427947998,,,7.516983509063721,TD2
0.07148739695549011,BombCyclone,extratropical_storm,1.2040388584136963,Ens member,1.5640422105789185,,,7.516983509063721,TD2
nan,BombCyclone,extratropical_storm,0.5852317214012146,CRPS,nan,1.1753089427947998,1.1496529579162598,7.516983509063721,TD2
-0.042160339653491974,BombCyclone,extratropical_storm,1.2021592855453491,ERA5 interp,1.7186987400054932,,,3.782604217529297,U10
0.1683708280324936,BombCyclone,extratropical_storm,0.6903451681137085,DRN,0.9417271018028259,,,3.782604217529297,U10
0.0736367329955101,BombCyclone,extratropical_storm,0.7299560308456421,Ens mean,1.0012507438659668,,,3.782604217529297,U10
0.06582940369844437,BombCyclone,extratropical_storm,0.9090749621391296,Ens member,1.226593255996704,,,3.782604217529297,U10
nan,BombCyclone,extratropical_storm,0.5025649666786194,CRPS,nan,1.0012507438659668,0.8326043486595154,3.782604217529297,U10
1.3234851360321045,BombCyclone,extratropical_storm,1.6665818691253662,ERA5 interp,2.2118756771087646,,,4.32742977142334,V10
-0.08959109336137772,BombCyclone,extratropical_storm,0.8103559017181396,DRN,1.0633786916732788,,,4.32742977142334,V10
-0.1742447018623352,BombCyclone,extratropical_storm,0.8289416432380676,Ens mean,1.0772756338119507,,,4.32742977142334,V10
-0.17871049046516418,BombCyclone,extratropical_storm,0.9985507130622864,Ens member,1.2844736576080322,,,4.32742977142334,V10
nan,BombCyclone,extratropical_storm,0.565453052520752,CRPS,nan,1.0772756338119507,0.8993302583694458,4.32742977142334,V10
23.939359664916992,BombCyclone,extratropical_storm,793.8046875,ERA5 interp,1358.0135498046875,,,7916.4111328125,PSFC
-91.74482727050781,BombCyclone,extratropical_storm,161.67562866210938,DRN,265.6787109375,,,7916.4111328125,PSFC
-71.95182037353516,BombCyclone,extratropical_storm,161.47410583496094,Ens mean,263.7371520996094,,,7916.4111328125,PSFC
-73.64856719970703,BombCyclone,extratropical_storm,167.88026428222656,Ens member,270.6623229980469,,,7916.4111328125,PSFC
nan,BombCyclone,extratropical_storm,131.48214721679688,CRPS,nan,263.7371520996094,77.86531829833984,7916.4111328125,PSFC
0.3201260566711426,BombCyclone,extratropical_storm,5.257461071014404,ERA5 interp,7.887433052062988,,,11.550251960754395,PREC
-1.7345689535140991,BombCyclone,extratropical_storm,4.800099849700928,DRN,7.484872341156006,,,11.550251960754395,PREC
1.9960640668869019,BombCyclone,extratropical_storm,5.919792652130127,Ens mean,8.962348937988281,,,11.550251960754395,PREC
2.302680730819702,BombCyclone,extratropical_storm,9.070587158203125,Ens member,15.57068157196045,,,11.550251960754395,PREC
nan,BombCyclone,extratropical_storm,3.4477851390838623,CRPS,nan,8.962348937988281,12.725329399108887,11.550251960754395,PREC
-0.09396734833717346,BombCyclone,extratropical_storm,1.7681057453155518,ERA5 interp,2.4035592079162598,,,2.7251384258270264,WS
-0.26513728499412537,BombCyclone,extratropical_storm,0.8798118829727173,DRN,1.1617859601974487,,,2.7251384258270264,WS
-0.16591250896453857,BombCyclone,extratropical_storm,0.8823878169059753,Ens mean,1.1625169515609741,,,2.7251384258270264,WS
-0.21395832300186157,BombCyclone,extratropical_storm,1.0056368112564087,Ens member,1.3208017349243164,,,2.7251384258270264,WS
nan,BombCyclone,extratropical_storm,0.6175052523612976,CRPS,nan,1.1625169515609741,0.8466084003448486,2.7251384258270264,WS
-0.4084809720516205,BombCyclone,extratropical_storm,6.854869842529297,ERA5 interp,9.417438507080078,,,16.137311935424805,RH
0.4763273596763611,BombCyclone,extratropical_storm,4.725832939147949,DRN,7.028019428253174,,,16.137311935424805,RH
3.5081162452697754,BombCyclone,extratropical_storm,5.627438068389893,Ens mean,8.180356979370117,,,16.137311935424805,RH
3.3615739345550537,BombCyclone,extratropical_storm,7.011695861816406,Ens member,9.670528411865234,,,16.137311935424805,RH
nan,BombCyclone,extratropical_storm,4.137117862701416,CRPS,nan,8.180356979370117,4.98820161819458,16.137311935424805,RH
0.22857148945331573,BombCyclone,extratropical_storm,0.802668035030365,ERA5 interp,1.10357666015625,,,2.173180341720581,VPD
-0.000656845630146563,BombCyclone,extratropical_storm,0.49786177277565,DRN,0.7379496693611145,,,2.173180341720581,VPD
-0.3094782829284668,BombCyclone,extratropical_storm,0.5664249062538147,Ens mean,0.7937164306640625,,,2.173180341720581,VPD
-0.28410232067108154,BombCyclone,extratropical_storm,0.6932647228240967,Ens member,0.949701189994812,,,2.173180341720581,VPD
nan,BombCyclone,extratropical_storm,0.42184728384017944,CRPS,nan,0.7937164306640625,0.49598443508148193,2.173180341720581,VPD
0.23704704642295837,BombCyclone,extratropical_storm,4.770756244659424,ERA5 interp,6.558766841888428,,,9.278742790222168,FFWI
-0.4302564859390259,BombCyclone,extratropical_storm,2.5856480598449707,DRN,3.7133240699768066,,,9.278742790222168,FFWI
-1.3879399299621582,BombCyclone,extratropical_storm,2.908414363861084,Ens mean,4.155416965484619,,,9.278742790222168,FFWI
-1.5825728178024292,BombCyclone,extratropical_storm,3.5419206619262695,Ens member,5.192703723907471,,,9.278742790222168,FFWI
nan,BombCyclone,extratropical_storm,2.0967440605163574,CRPS,nan,4.155416965484619,3.0137650966644287,9.278742790222168,FFWI
2.722795248031616,BombCyclone,extratropical_storm,6.961816787719727,ERA5 interp,10.635887145996094,,,14.86306095123291,HDW
-0.24275852739810944,BombCyclone,extratropical_storm,3.468989610671997,DRN,5.497107982635498,,,14.86306095123291,HDW
-1.7814286947250366,BombCyclone,extratropical_storm,3.796297073364258,Ens mean,5.808506965637207,,,14.86306095123291,HDW
-2.0074002742767334,BombCyclone,extratropical_storm,4.510528564453125,Ens member,6.940515518188477,,,14.86306095123291,HDW
nan,BombCyclone,extratropical_storm,2.781773090362549,CRPS,nan,5.808506965637207,3.9699947834014893,14.86306095123291,HDW
0.8022777438163757,Dorian,tropical_cyclone,1.1735974550247192,ERA5 interp,1.4534517526626587,,,4.426966667175293,T2
0.1928880512714386,Dorian,tropical_cyclone,0.7660641670227051,DRN,0.9523978233337402,,,4.426966667175293,T2
-0.011511795222759247,Dorian,tropical_cyclone,0.813220202922821,Ens mean,1.0215587615966797,,,4.426966667175293,T2
-0.1386067420244217,Dorian,tropical_cyclone,1.0022425651550293,Ens member,1.2887418270111084,,,4.426966667175293,T2
nan,Dorian,tropical_cyclone,0.5907825827598572,CRPS,nan,1.0215587615966797,0.6633322834968567,4.426966667175293,T2
0.07661811262369156,Dorian,tropical_cyclone,1.0235953330993652,ERA5 interp,1.3103899955749512,,,3.84267520904541,TD2
0.19582971930503845,Dorian,tropical_cyclone,0.9516617655754089,DRN,1.191853642463684,,,3.84267520904541,TD2
0.9336285591125488,Dorian,tropical_cyclone,1.2674505710601807,Ens mean,1.6839834451675415,,,3.84267520904541,TD2
1.0819936990737915,Dorian,tropical_cyclone,1.7018779516220093,Ens member,2.2204694747924805,,,3.84267520904541,TD2
nan,Dorian,tropical_cyclone,0.8663709163665771,CRPS,nan,1.6839834451675415,1.2893540859222412,3.84267520904541,TD2
-0.13352450728416443,Dorian,tropical_cyclone,0.5331922769546509,ERA5 interp,0.7283612489700317,,,1.5160863399505615,U10
-0.04854361712932587,Dorian,tropical_cyclone,0.42502543330192566,DRN,0.6043543219566345,,,1.5160863399505615,U10
-0.21546660363674164,Dorian,tropical_cyclone,0.5266485214233398,Ens mean,0.7169029116630554,,,1.5160863399505615,U10
-0.22633594274520874,Dorian,tropical_cyclone,0.7092204093933105,Ens member,0.89247065782547,,,1.5160863399505615,U10
nan,Dorian,tropical_cyclone,0.3668593764305115,CRPS,nan,0.7169029116630554,0.67457115650177,1.5160863399505615,U10
-0.26374000310897827,Dorian,tropical_cyclone,0.6201489567756653,ERA5 interp,0.8418916463851929,,,1.7588950395584106,V10
-0.09884519875049591,Dorian,tropical_cyclone,0.48082029819488525,DRN,0.6757304072380066,,,1.7588950395584106,V10
-0.24675078690052032,Dorian,tropical_cyclone,0.648019015789032,Ens mean,0.8677541613578796,,,1.7588950395584106,V10
-0.1593923419713974,Dorian,tropical_cyclone,0.8043893575668335,Ens member,1.09133780002594,,,1.7588950395584106,V10
nan,Dorian,tropical_cyclone,0.4508386552333832,CRPS,nan,0.8677541613578796,0.6761001944541931,1.7588950395584106,V10
5.380151271820068,Dorian,tropical_cyclone,282.213134765625,ERA5 interp,509.0496826171875,,,2050.91796875,PSFC
-50.726295471191406,Dorian,tropical_cyclone,119.54395294189453,DRN,212.26905822753906,,,2050.91796875,PSFC
-41.791107177734375,Dorian,tropical_cyclone,125.40862274169922,Ens mean,217.18603515625,,,2050.91796875,PSFC
-27.85828971862793,Dorian,tropical_cyclone,134.39227294921875,Ens member,226.8268280029297,,,2050.91796875,PSFC
nan,Dorian,tropical_cyclone,100.27259826660156,CRPS,nan,217.18603515625,77.92154693603516,2050.91796875,PSFC
-1.7331511974334717,Dorian,tropical_cyclone,2.6848232746124268,ERA5 interp,13.706634521484375,,,24.09298324584961,PREC
-3.4015161991119385,Dorian,tropical_cyclone,3.796208143234253,DRN,20.253398895263672,,,24.09298324584961,PREC
-2.354078769683838,Dorian,tropical_cyclone,4.53605318069458,Ens mean,20.793458938598633,,,24.09298324584961,PREC
-2.8558297157287598,Dorian,tropical_cyclone,4.657074451446533,Ens member,22.05294418334961,,,24.09298324584961,PREC
nan,Dorian,tropical_cyclone,3.3401477336883545,CRPS,nan,20.793458938598633,10.073365211486816,24.09298324584961,PREC
0.1182427704334259,Dorian,tropical_cyclone,0.5815576314926147,ERA5 interp,0.8525435328483582,,,1.4900085926055908,WS
-0.23476432263851166,Dorian,tropical_cyclone,0.4745485782623291,DRN,0.7241345047950745,,,1.4900085926055908,WS
-0.05009178817272186,Dorian,tropical_cyclone,0.5440419316291809,Ens mean,0.8145886659622192,,,1.4900085926055908,WS
-0.02951386757194996,Dorian,tropical_cyclone,0.7435624599456787,Ens member,1.0219597816467285,,,1.4900085926055908,WS
nan,Dorian,tropical_cyclone,0.38768377900123596,CRPS,nan,0.8145886659622192,0.5952428579330444,1.4900085926055908,WS
-2.969334363937378,Dorian,tropical_cyclone,6.2073869705200195,ERA5 interp,7.692625045776367,,,11.011580467224121,RH
-0.18590694665908813,Dorian,tropical_cyclone,4.419895172119141,DRN,5.655239582061768,,,11.011580467224121,RH
4.266551494598389,Dorian,tropical_cyclone,6.329221725463867,Ens mean,8.104026794433594,,,11.011580467224121,RH
5.491962432861328,Dorian,tropical_cyclone,8.874895095825195,Ens member,11.206207275390625,,,11.011580467224121,RH
nan,Dorian,tropical_cyclone,4.266273498535156,CRPS,nan,8.104026794433594,6.464949607849121,11.011580467224121,RH
1.4020217657089233,Dorian,tropical_cyclone,2.2380213737487793,ERA5 interp,2.884803056716919,,,4.562528610229492,VPD
0.20511972904205322,Dorian,tropical_cyclone,1.3821121454238892,DRN,1.8493999242782593,,,4.562528610229492,VPD
-1.1266781091690063,Dorian,tropical_cyclone,1.876966953277588,Ens mean,2.5244898796081543,,,4.562528610229492,VPD
-1.4744558334350586,Dorian,tropical_cyclone,2.5932602882385254,Ens member,3.4355108737945557,,,4.562528610229492,VPD
nan,Dorian,tropical_cyclone,1.2763932943344116,CRPS,nan,2.5244898796081543,1.9702908992767334,4.562528610229492,VPD
0.6601206064224243,Dorian,tropical_cyclone,1.9237397909164429,ERA5 interp,2.7409510612487793,,,4.104351043701172,FFWI
-0.45970815420150757,Dorian,tropical_cyclone,1.3833949565887451,DRN,1.9939372539520264,,,4.104351043701172,FFWI
-0.812651515007019,Dorian,tropical_cyclone,1.7958214282989502,Ens mean,2.739736557006836,,,4.104351043701172,FFWI
-1.0090256929397583,Dorian,tropical_cyclone,2.46237850189209,Ens member,3.560866355895996,,,4.104351043701172,FFWI
nan,Dorian,tropical_cyclone,1.2793827056884766,CRPS,nan,2.739736557006836,1.9019156694412231,4.104351043701172,FFWI
3.967984199523926,Dorian,tropical_cyclone,7.876850128173828,ERA5 interp,11.154268264770508,,,16.768390655517578,HDW
-1.3370195627212524,Dorian,tropical_cyclone,5.225064277648926,DRN,7.939962863922119,,,16.768390655517578,HDW
-3.3814632892608643,Dorian,tropical_cyclone,6.973866939544678,Ens mean,11.120491027832031,,,16.768390655517578,HDW
-4.197735786437988,Dorian,tropical_cyclone,9.332444190979004,Ens member,14.244839668273926,,,16.768390655517578,HDW
nan,Dorian,tropical_cyclone,4.983870029449463,CRPS,nan,11.120491027832031,7.570616245269775,16.768390655517578,HDW
-0.6111592650413513,IowaDerecho,convective_wind,1.3753232955932617,ERA5 interp,1.6430754661560059,,,3.6455483436584473,T2
0.26329872012138367,IowaDerecho,convective_wind,0.8509340882301331,DRN,1.1001309156417847,,,3.6455483436584473,T2
0.04845424368977547,IowaDerecho,convective_wind,0.8869709968566895,Ens mean,1.1119253635406494,,,3.6455483436584473,T2
0.04041212797164917,IowaDerecho,convective_wind,1.0029346942901611,Ens member,1.2840237617492676,,,3.6455483436584473,T2
nan,IowaDerecho,convective_wind,0.6422032713890076,CRPS,nan,1.1119253635406494,0.7040159106254578,3.6455483436584473,T2
0.9103047847747803,IowaDerecho,convective_wind,1.7208377122879028,ERA5 interp,2.3376598358154297,,,7.041494846343994,TD2
0.11973220854997635,IowaDerecho,convective_wind,1.4055664539337158,DRN,1.9168729782104492,,,7.041494846343994,TD2
0.4712567925453186,IowaDerecho,convective_wind,1.4207981824874878,Ens mean,1.9520677328109741,,,7.041494846343994,TD2
0.49239107966423035,IowaDerecho,convective_wind,1.6740190982818604,Ens member,2.2057056427001953,,,7.041494846343994,TD2
nan,IowaDerecho,convective_wind,1.041137933731079,CRPS,nan,1.9520677328109741,1.3627629280090332,7.041494846343994,TD2
0.2531408965587616,IowaDerecho,convective_wind,0.6318110227584839,ERA5 interp,0.796160876750946,,,1.696100115776062,U10
0.019110864028334618,IowaDerecho,convective_wind,0.4579160511493683,DRN,0.6118207573890686,,,1.696100115776062,U10
-0.0692768469452858,IowaDerecho,convective_wind,0.5708097219467163,Ens mean,0.7431150674819946,,,1.696100115776062,U10
-0.07837721705436707,IowaDerecho,convective_wind,0.752354085445404,Ens member,0.9606552720069885,,,1.696100115776062,U10
nan,IowaDerecho,convective_wind,0.3907952904701233,CRPS,nan,0.7431150674819946,0.6164146661758423,1.696100115776062,U10
0.24716068804264069,IowaDerecho,convective_wind,0.6474464535713196,ERA5 interp,0.8225265145301819,,,1.7629427909851074,V10
0.0199545007199049,IowaDerecho,convective_wind,0.46597450971603394,DRN,0.6073976159095764,,,1.7629427909851074,V10
-0.05118459090590477,IowaDerecho,convective_wind,0.5217880606651306,Ens mean,0.6670004725456238,,,1.7629427909851074,V10
-0.04700493440032005,IowaDerecho,convective_wind,0.6308472156524658,Ens member,0.8139078617095947,,,1.7629427909851074,V10
nan,IowaDerecho,convective_wind,0.34697285294532776,CRPS,nan,0.6670004725456238,0.6388545632362366,1.7629427909851074,V10
24.991390228271484,IowaDerecho,convective_wind,234.21673583984375,ERA5 interp,396.73284912109375,,,4193.384765625,PSFC
-22.856691360473633,IowaDerecho,convective_wind,63.50954055786133,DRN,94.33824157714844,,,4193.384765625,PSFC
-11.682696342468262,IowaDerecho,convective_wind,70.25025939941406,Ens mean,100.77860260009766,,,4193.384765625,PSFC
-14.991109848022461,IowaDerecho,convective_wind,91.00999450683594,Ens member,126.60467529296875,,,4193.384765625,PSFC
nan,IowaDerecho,convective_wind,50.447654724121094,CRPS,nan,100.77860260009766,78.03695678710938,4193.384765625,PSFC
-0.25875359773635864,IowaDerecho,convective_wind,4.498417854309082,ERA5 interp,9.84093189239502,,,9.08768081665039,PREC
-2.1520814895629883,IowaDerecho,convective_wind,3.281144142150879,DRN,9.062047004699707,,,9.08768081665039,PREC
0.05105266347527504,IowaDerecho,convective_wind,4.462824821472168,Ens mean,9.66171646118164,,,9.08768081665039,PREC
0.4337587058544159,IowaDerecho,convective_wind,5.58329439163208,Ens member,14.90761661529541,,,9.08768081665039,PREC
nan,IowaDerecho,convective_wind,2.6474785804748535,CRPS,nan,9.66171646118164,10.537306785583496,9.08768081665039,PREC
0.3521619737148285,IowaDerecho,convective_wind,0.6794642806053162,ERA5 interp,0.8679688572883606,,,1.2691506147384644,WS
-0.10615435242652893,IowaDerecho,convective_wind,0.4613720178604126,DRN,0.6038078665733337,,,1.2691506147384644,WS
0.011536975391209126,IowaDerecho,convective_wind,0.5164008736610413,Ens mean,0.6659153699874878,,,1.2691506147384644,WS
-0.03906965255737305,IowaDerecho,convective_wind,0.6361584067344666,Ens member,0.8205055594444275,,,1.2691506147384644,WS
nan,IowaDerecho,convective_wind,0.34630972146987915,CRPS,nan,0.6659153699874878,0.5886268615722656,1.2691506147384644,WS
4.101795196533203,IowaDerecho,convective_wind,8.395179748535156,ERA5 interp,10.462403297424316,,,20.233184814453125,RH
-1.2006032466888428,IowaDerecho,convective_wind,6.302237510681152,DRN,8.064669609069824,,,20.233184814453125,RH
0.963776707649231,IowaDerecho,convective_wind,6.265981674194336,Ens mean,8.223362922668457,,,20.233184814453125,RH
0.8434351086616516,IowaDerecho,convective_wind,7.181671619415283,Ens member,9.03711986541748,,,20.233184814453125,RH
nan,IowaDerecho,convective_wind,4.553591728210449,CRPS,nan,8.223362922668457,5.286516189575195,20.233184814453125,RH
-1.9140160083770752,IowaDerecho,convective_wind,3.642249584197998,ERA5 interp,4.531235694885254,,,7.4642815589904785,VPD
0.4967291057109833,IowaDerecho,convective_wind,2.5183215141296387,DRN,3.220911979675293,,,7.4642815589904785,VPD
-0.35064876079559326,IowaDerecho,convective_wind,2.569096326828003,Ens mean,3.2991931438446045,,,7.4642815589904785,VPD
-0.29623210430145264,IowaDerecho,convective_wind,2.879331111907959,Ens member,3.6260504722595215,,,7.4642815589904785,VPD
nan,IowaDerecho,convective_wind,1.8559919595718384,CRPS,nan,3.2991931438446045,2.1348843574523926,7.4642815589904785,VPD
0.5683740973472595,IowaDerecho,convective_wind,2.5413248538970947,ERA5 interp,3.292966365814209,,,6.559693813323975,FFWI
-0.18528039753437042,IowaDerecho,convective_wind,1.9511897563934326,DRN,2.5449533462524414,,,6.559693813323975,FFWI
-0.05295586958527565,IowaDerecho,convective_wind,2.131031036376953,Ens mean,2.7498724460601807,,,6.559693813323975,FFWI
-0.17741753160953522,IowaDerecho,convective_wind,2.542665719985962,Ens member,3.3522040843963623,,,6.559693813323975,FFWI
nan,IowaDerecho,convective_wind,1.4587215185165405,CRPS,nan,2.7498724460601807,2.2116901874542236,6.559693813323975,FFWI
-0.8419897556304932,IowaDerecho,convective_wind,12.968643188476562,ERA5 interp,17.511638641357422,,,35.262298583984375,HDW
-0.6380928754806519,IowaDerecho,convective_wind,10.008342742919922,DRN,13.612100601196289,,,35.262298583984375,HDW
-0.7954195737838745,IowaDerecho,convective_wind,10.78866958618164,Ens mean,14.438375473022461,,,35.262298583984375,HDW
-1.0196133852005005,IowaDerecho,convective_wind,12.071881294250488,Ens member,16.26827049255371,,,35.262298583984375,HDW
nan,IowaDerecho,convective_wind,7.528461933135986,CRPS,nan,14.438375473022461,10.619365692138672,35.262298583984375,HDW
-0.9067116975784302,Laura,tropical_cyclone,1.3766049146652222,ERA5 interp,1.8311209678649902,,,2.3665168285369873,T2
-0.3415158689022064,Laura,tropical_cyclone,0.8921601176261902,DRN,1.1826039552688599,,,2.3665168285369873,T2
-0.5620943903923035,Laura,tropical_cyclone,0.982030987739563,Ens mean,1.2732300758361816,,,2.3665168285369873,T2
-0.6223607659339905,Laura,tropical_cyclone,1.266092300415039,Ens member,1.5910166501998901,,,2.3665168285369873,T2
nan,Laura,tropical_cyclone,0.7524897456169128,CRPS,nan,1.2732300758361816,0.6908456683158875,2.3665168285369873,T2
-0.16657136380672455,Laura,tropical_cyclone,1.0052250623703003,ERA5 interp,1.3206353187561035,,,4.054169178009033,TD2
-0.1898624449968338,Laura,tropical_cyclone,0.8498906493186951,DRN,1.0948567390441895,,,4.054169178009033,TD2
0.33482038974761963,Laura,tropical_cyclone,0.9604496359825134,Ens mean,1.209019422531128,,,4.054169178009033,TD2
0.30409732460975647,Laura,tropical_cyclone,1.1854002475738525,Ens member,1.4947984218597412,,,4.054169178009033,TD2
nan,Laura,tropical_cyclone,0.6364265084266663,CRPS,nan,1.209019422531128,1.1578744649887085,4.054169178009033,TD2
0.03948800638318062,Laura,tropical_cyclone,0.5445301532745361,ERA5 interp,0.7315635681152344,,,1.4272980690002441,U10
0.0749000608921051,Laura,tropical_cyclone,0.4001953601837158,DRN,0.5523420572280884,,,1.4272980690002441,U10
-0.027379797771573067,Laura,tropical_cyclone,0.44186100363731384,Ens mean,0.6079853773117065,,,1.4272980690002441,U10
-0.007216131314635277,Laura,tropical_cyclone,0.5426936745643616,Ens member,0.7616385221481323,,,1.4272980690002441,U10
nan,Laura,tropical_cyclone,0.2904234230518341,CRPS,nan,0.6079853773117065,0.6075858473777771,1.4272980690002441,U10
0.011907645501196384,Laura,tropical_cyclone,0.6267666220664978,ERA5 interp,0.8302385807037354,,,1.6588478088378906,V10
-0.08173910528421402,Laura,tropical_cyclone,0.47286006808280945,DRN,0.6687615513801575,,,1.6588478088378906,V10
-0.1740407645702362,Laura,tropical_cyclone,0.5368210673332214,Ens mean,0.7377334833145142,,,1.6588478088378906,V10
-0.11813127994537354,Laura,tropical_cyclone,0.7583266496658325,Ens member,1.195121169090271,,,1.6588478088378906,V10
nan,Laura,tropical_cyclone,0.3634413182735443,CRPS,nan,0.7377334833145142,0.7025057077407837,1.6588478088378906,V10
18.377120971679688,Laura,tropical_cyclone,332.23553466796875,ERA5 interp,668.7772827148438,,,5029.181640625,PSFC
-40.125091552734375,Laura,tropical_cyclone,130.40220642089844,DRN,252.93064880371094,,,5029.181640625,PSFC
-23.72951889038086,Laura,tropical_cyclone,131.9718475341797,Ens mean,256.26617431640625,,,5029.181640625,PSFC
-18.9183292388916,Laura,tropical_cyclone,148.37742614746094,Ens member,268.53033447265625,,,5029.181640625,PSFC
nan,Laura,tropical_cyclone,108.57801818847656,CRPS,nan,256.26617431640625,76.06243133544922,5029.181640625,PSFC
-0.1828305721282959,Laura,tropical_cyclone,3.9989712238311768,ERA5 interp,13.140318870544434,,,25.0610294342041,PREC
-2.7637763023376465,Laura,tropical_cyclone,4.061583995819092,DRN,16.8787784576416,,,25.0610294342041,PREC
0.4587889313697815,Laura,tropical_cyclone,5.598830699920654,Ens mean,18.375041961669922,,,25.0610294342041,PREC
0.04357524961233139,Laura,tropical_cyclone,7.704838275909424,Ens member,28.026790618896484,,,25.0610294342041,PREC
nan,Laura,tropical_cyclone,3.356243848800659,CRPS,nan,18.375041961669922,23.46685791015625,25.0610294342041,PREC
0.20030085742473602,Laura,tropical_cyclone,0.6541609168052673,ERA5 interp,0.8697471618652344,,,1.2024906873703003,WS
-0.19005179405212402,Laura,tropical_cyclone,0.48082414269447327,DRN,0.7008225917816162,,,1.2024906873703003,WS
-0.1072894036769867,Laura,tropical_cyclone,0.49037715792655945,Ens mean,0.6908667683601379,,,1.2024906873703003,WS
-0.005550975911319256,Laura,tropical_cyclone,0.6082381010055542,Ens member,0.8680140376091003,,,1.2024906873703003,WS
nan,Laura,tropical_cyclone,0.33611413836479187,CRPS,nan,0.6908667683601379,0.5917999744415283,1.2024906873703003,WS
3.0254650115966797,Laura,tropical_cyclone,6.719625949859619,ERA5 interp,8.569924354553223,,,16.206653594970703,RH
0.8364018797874451,Laura,tropical_cyclone,5.14901876449585,DRN,6.852133750915527,,,16.206653594970703,RH
3.6566877365112305,Laura,tropical_cyclone,5.838818073272705,Ens mean,7.47514533996582,,,16.206653594970703,RH
3.6551780700683594,Laura,tropical_cyclone,7.038341045379639,Ens member,9.140817642211914,,,16.206653594970703,RH
nan,Laura,tropical_cyclone,4.045421123504639,CRPS,nan,7.47514533996582,5.057251930236816,16.206653594970703,RH
-1.9096342325210571,Laura,tropical_cyclone,3.535550117492676,ERA5 interp,4.62266206741333,,,7.431191921234131,VPD
-0.6267035603523254,Laura,tropical_cyclone,2.547788143157959,DRN,3.3877339363098145,,,7.431191921234131,VPD
-1.8220731019973755,Laura,tropical_cyclone,2.8046679496765137,Ens mean,3.605074167251587,,,7.431191921234131,VPD
-1.8836368322372437,Laura,tropical_cyclone,3.4082300662994385,Ens member,4.336476802825928,,,7.431191921234131,VPD
nan,Laura,tropical_cyclone,2.033412456512451,CRPS,nan,3.605074167251587,2.2128798961639404,7.431191921234131,VPD
0.046332474797964096,Laura,tropical_cyclone,2.3105790615081787,ERA5 interp,3.055570363998413,,,4.6019368171691895,FFWI
-0.7268214821815491,Laura,tropical_cyclone,1.893941879272461,DRN,2.594332695007324,,,4.6019368171691895,FFWI
-0.9224733114242554,Laura,tropical_cyclone,2.038893461227417,Ens mean,2.716883659362793,,,4.6019368171691895,FFWI
-0.6769168972969055,Laura,tropical_cyclone,2.3161799907684326,Ens member,3.176618814468384,,,4.6019368171691895,FFWI
nan,Laura,tropical_cyclone,1.4690823554992676,CRPS,nan,2.716883659362793,1.9587311744689941,4.6019368171691895,FFWI
-2.455598831176758,Laura,tropical_cyclone,13.062314987182617,ERA5 interp,17.52556037902832,,,28.06830596923828,HDW
-3.9754724502563477,Laura,tropical_cyclone,10.319720268249512,DRN,14.438299179077148,,,28.06830596923828,HDW
-5.722294807434082,Laura,tropical_cyclone,10.939057350158691,Ens mean,14.973033905029297,,,28.06830596923828,HDW
-5.128389835357666,Laura,tropical_cyclone,12.018007278442383,Ens member,16.620817184448242,,,28.06830596923828,HDW
nan,Laura,tropical_cyclone,8.092855453491211,CRPS,nan,14.973033905029297,9.451241493225098,28.06830596923828,HDW
0.21929870545864105,LaborDay_heat,fire_weather,1.6566236019134521,ERA5 interp,2.159207344055176,,,5.6418304443359375,T2
-0.3208891749382019,LaborDay_heat,fire_weather,1.0217517614364624,DRN,1.5931708812713623,,,5.6418304443359375,T2
-0.4964650571346283,LaborDay_heat,fire_weather,1.06192147731781,Ens mean,1.608558177947998,,,5.6418304443359375,T2
-0.5180016160011292,LaborDay_heat,fire_weather,1.1400781869888306,Ens member,1.7016681432724,,,5.6418304443359375,T2
nan,LaborDay_heat,fire_weather,0.8399782180786133,CRPS,nan,1.608558177947998,0.6061462759971619,5.6418304443359375,T2
-1.6184380054473877,LaborDay_heat,fire_weather,3.142301321029663,ERA5 interp,4.221855640411377,,,6.088296413421631,TD2
-1.6193182468414307,LaborDay_heat,fire_weather,2.349731683731079,DRN,3.2108330726623535,,,6.088296413421631,TD2
-0.7689168453216553,LaborDay_heat,fire_weather,2.4477875232696533,Ens mean,3.2467193603515625,,,6.088296413421631,TD2
-0.8032165169715881,LaborDay_heat,fire_weather,2.720639944076538,Ens member,3.573798418045044,,,6.088296413421631,TD2
nan,LaborDay_heat,fire_weather,1.7921037673950195,CRPS,nan,3.2467193603515625,1.819392442703247,6.088296413421631,TD2
-0.09192042052745819,LaborDay_heat,fire_weather,0.894089937210083,ERA5 interp,1.2489367723464966,,,2.0382258892059326,U10
-0.06635284423828125,LaborDay_heat,fire_weather,0.541194498538971,DRN,0.7381535768508911,,,2.0382258892059326,U10
-0.16596098244190216,LaborDay_heat,fire_weather,0.6150521039962769,Ens mean,0.8119058609008789,,,2.0382258892059326,U10
-0.23132869601249695,LaborDay_heat,fire_weather,0.7883742451667786,Ens member,1.0376403331756592,,,2.0382258892059326,U10
nan,LaborDay_heat,fire_weather,0.41738075017929077,CRPS,nan,0.8119058609008789,0.678214967250824,2.0382258892059326,U10
0.2656606435775757,LaborDay_heat,fire_weather,0.9313374757766724,ERA5 interp,1.240163803100586,,,1.542456865310669,V10
-0.0823068618774414,LaborDay_heat,fire_weather,0.5487225651741028,DRN,0.7654063701629639,,,1.542456865310669,V10
-0.20389875769615173,LaborDay_heat,fire_weather,0.6392027139663696,Ens mean,0.8598673939704895,,,1.542456865310669,V10
-0.18230415880680084,LaborDay_heat,fire_weather,0.7957600355148315,Ens member,1.0468106269836426,,,1.542456865310669,V10
nan,LaborDay_heat,fire_weather,0.4490232467651367,CRPS,nan,0.8598673939704895,0.6273674964904785,1.542456865310669,V10
-21.115665435791016,LaborDay_heat,fire_weather,1443.802490234375,ERA5 interp,1978.6859130859375,,,7139.630859375,PSFC
-771.7582397460938,LaborDay_heat,fire_weather,819.56689453125,DRN,1342.7030029296875,,,7139.630859375,PSFC
-754.88427734375,LaborDay_heat,fire_weather,814.6530151367188,Ens mean,1336.7906494140625,,,7139.630859375,PSFC
-753.5853271484375,LaborDay_heat,fire_weather,816.0416870117188,Ens member,1339.3472900390625,,,7139.630859375,PSFC
nan,LaborDay_heat,fire_weather,788.2958984375,CRPS,nan,1336.7906494140625,56.490116119384766,7139.630859375,PSFC
-0.005697275046259165,LaborDay_heat,fire_weather,0.025349628180265427,ERA5 interp,0.17051586508750916,,,0.15778475999832153,PREC
0.030821863561868668,LaborDay_heat,fire_weather,0.05698711425065994,DRN,0.17101946473121643,,,0.15778475999832153,PREC
0.032837770879268646,LaborDay_heat,fire_weather,0.05827748030424118,Ens mean,0.24778035283088684,,,0.15778475999832153,PREC
0.0210922472178936,LaborDay_heat,fire_weather,0.05171539634466171,Ens member,0.4206625819206238,,,0.15778475999832153,PREC
nan,LaborDay_heat,fire_weather,0.02015608549118042,CRPS,nan,0.24778035283088684,0.5292783975601196,0.15778475999832153,PREC
-0.6745222806930542,LaborDay_heat,fire_weather,1.0135109424591064,ERA5 interp,1.4421414136886597,,,1.4456162452697754,WS
-0.24340972304344177,LaborDay_heat,fire_weather,0.5627732872962952,DRN,0.7783606052398682,,,1.4456162452697754,WS
0.023767901584506035,LaborDay_heat,fire_weather,0.5997307896614075,Ens mean,0.7941538095474243,,,1.4456162452697754,WS
-0.014748476445674896,LaborDay_heat,fire_weather,0.7394336462020874,Ens member,0.9790070056915283,,,1.4456162452697754,WS
nan,LaborDay_heat,fire_weather,0.41217848658561707,CRPS,nan,0.7941538095474243,0.6028375625610352,1.4456162452697754,WS
-2.284973382949829,LaborDay_heat,fire_weather,5.9002556800842285,ERA5 interp,7.699227809906006,,,11.745194435119629,RH
-2.428896427154541,LaborDay_heat,fire_weather,4.465750217437744,DRN,7.07342004776001,,,11.745194435119629,RH
-0.4628910422325134,LaborDay_heat,fire_weather,4.743518829345703,Ens mean,7.272902965545654,,,11.745194435119629,RH
-0.44241657853126526,LaborDay_heat,fire_weather,5.205074787139893,Ens member,7.815559387207031,,,11.745194435119629,RH
nan,LaborDay_heat,fire_weather,3.6520636081695557,CRPS,nan,7.272902965545654,3.017606258392334,11.745194435119629,RH
1.1853200197219849,LaborDay_heat,fire_weather,4.370196342468262,ERA5 interp,5.894191265106201,,,11.182865142822266,VPD
0.18228879570960999,LaborDay_heat,fire_weather,2.817209482192993,DRN,4.567989826202393,,,11.182865142822266,VPD
-0.7339451313018799,LaborDay_heat,fire_weather,2.8497538566589355,Ens mean,4.7152814865112305,,,11.182865142822266,VPD
-0.7883137464523315,LaborDay_heat,fire_weather,3.016094207763672,Ens member,4.889647006988525,,,11.182865142822266,VPD
nan,LaborDay_heat,fire_weather,2.387808322906494,CRPS,nan,4.7152814865112305,1.1799745559692383,11.182865142822266,VPD
-3.182955741882324,LaborDay_heat,fire_weather,5.092979431152344,ERA5 interp,7.34716796875,,,7.30196475982666,FFWI
-0.9898625016212463,LaborDay_heat,fire_weather,2.8116681575775146,DRN,3.960878849029541,,,7.30196475982666,FFWI
0.11403866857290268,LaborDay_heat,fire_weather,3.064793348312378,Ens mean,4.071106910705566,,,7.30196475982666,FFWI
-0.10953568667173386,LaborDay_heat,fire_weather,3.72871470451355,Ens member,4.977243900299072,,,7.30196475982666,FFWI
nan,LaborDay_heat,fire_weather,2.0941896438598633,CRPS,nan,4.071106910705566,3.095614194869995,7.30196475982666,FFWI
-15.152416229248047,LaborDay_heat,fire_weather,26.644662857055664,ERA5 interp,38.51966857910156,,,39.24817657470703,HDW
-7.037258148193359,LaborDay_heat,fire_weather,16.733142852783203,DRN,26.354703903198242,,,39.24817657470703,HDW
-1.0693799257278442,LaborDay_heat,fire_weather,17.306283950805664,Ens mean,25.396526336669922,,,39.24817657470703,HDW
-2.8029489517211914,LaborDay_heat,fire_weather,20.915184020996094,Ens member,30.81566047668457,,,39.24817657470703,HDW
nan,LaborDay_heat,fire_weather,12.071671485900879,CRPS,nan,25.396526336669922,17.440616607666016,39.24817657470703,HDW
-0.32475346326828003,Sally,tropical_cyclone,0.8746761083602905,ERA5 interp,1.096372127532959,,,3.5582993030548096,T2
-0.3615567088127136,Sally,tropical_cyclone,0.7526736855506897,DRN,0.9429129362106323,,,3.5582993030548096,T2
-0.5928890705108643,Sally,tropical_cyclone,0.8564318418502808,Ens mean,1.0700874328613281,,,3.5582993030548096,T2
-0.6917300224304199,Sally,tropical_cyclone,1.0623689889907837,Ens member,1.2892656326293945,,,3.5582993030548096,T2
nan,Sally,tropical_cyclone,0.6521888971328735,CRPS,nan,1.0700874328613281,0.6116032600402832,3.5582993030548096,T2
-0.40307512879371643,Sally,tropical_cyclone,0.8567243218421936,ERA5 interp,1.0789494514465332,,,3.8522207736968994,TD2
-0.4945618510246277,Sally,tropical_cyclone,0.8171472549438477,DRN,1.0144330263137817,,,3.8522207736968994,TD2
0.055889200419187546,Sally,tropical_cyclone,0.8117246031761169,Ens mean,1.0368380546569824,,,3.8522207736968994,TD2
0.10120292752981186,Sally,tropical_cyclone,1.45185124874115,Ens member,1.871205449104309,,,3.8522207736968994,TD2
nan,Sally,tropical_cyclone,0.5147068500518799,CRPS,nan,1.0368380546569824,1.2295937538146973,3.8522207736968994,TD2
-0.3005659878253937,Sally,tropical_cyclone,0.6537459492683411,ERA5 interp,1.051835060119629,,,1.3688472509384155,U10
-0.004631709307432175,Sally,tropical_cyclone,0.44117915630340576,DRN,0.6894609928131104,,,1.3688472509384155,U10
-0.10044068098068237,Sally,tropical_cyclone,0.4911018908023834,Ens mean,0.7477193474769592,,,1.3688472509384155,U10
-0.11750856786966324,Sally,tropical_cyclone,0.6756600737571716,Ens member,0.9521397352218628,,,1.3688472509384155,U10
nan,Sally,tropical_cyclone,0.33628061413764954,CRPS,nan,0.7477193474769592,0.575855016708374,1.3688472509384155,U10
-0.08851245045661926,Sally,tropical_cyclone,0.5924088954925537,ERA5 interp,0.9378379583358765,,,1.5148886442184448,V10
-0.08919977396726608,Sally,tropical_cyclone,0.41013845801353455,DRN,0.6201518177986145,,,1.5148886442184448,V10
-0.21047796308994293,Sally,tropical_cyclone,0.4901915192604065,Ens mean,0.6916481852531433,,,1.5148886442184448,V10
-0.12936338782310486,Sally,tropical_cyclone,0.7276129126548767,Ens member,1.0145020484924316,,,1.5148886442184448,V10
nan,Sally,tropical_cyclone,0.33668252825737,CRPS,nan,0.6916481852531433,0.6240586042404175,1.5148886442184448,V10
11.266432762145996,Sally,tropical_cyclone,216.99241638183594,ERA5 interp,413.2423095703125,,,1835.5430908203125,PSFC
-19.354455947875977,Sally,tropical_cyclone,110.75702667236328,DRN,187.49293518066406,,,1835.5430908203125,PSFC
-4.352052211761475,Sally,tropical_cyclone,117.2056655883789,Ens mean,192.70587158203125,,,1835.5430908203125,PSFC
-0.11559587717056274,Sally,tropical_cyclone,131.72755432128906,Ens member,207.25634765625,,,1835.5430908203125,PSFC
nan,Sally,tropical_cyclone,93.60623168945312,CRPS,nan,192.70587158203125,75.92920684814453,1835.5430908203125,PSFC
0.20412741601467133,Sally,tropical_cyclone,6.097370147705078,ERA5 interp,20.777137756347656,,,31.276304244995117,PREC
-1.5899102687835693,Sally,tropical_cyclone,5.9183573722839355,DRN,29.016559600830078,,,31.276304244995117,PREC
-0.4115721583366394,Sally,tropical_cyclone,6.8314208984375,Ens mean,39.64204788208008,,,31.276304244995117,PREC
-0.24822364747524261,Sally,tropical_cyclone,10.318235397338867,Ens member,99.85987854003906,,,31.276304244995117,PREC
nan,Sally,tropical_cyclone,3.974278450012207,CRPS,nan,39.64204788208008,45.2774658203125,31.276304244995117,PREC
0.4206821322441101,Sally,tropical_cyclone,0.7607694268226624,ERA5 interp,1.1865041255950928,,,1.3259601593017578,WS
-0.0166535135358572,Sally,tropical_cyclone,0.4862993359565735,DRN,0.7333111763000488,,,1.3259601593017578,WS
0.20692653954029083,Sally,tropical_cyclone,0.5410831570625305,Ens mean,0.7818254232406616,,,1.3259601593017578,WS
0.20470929145812988,Sally,tropical_cyclone,0.6678478121757507,Ens member,0.9148886203765869,,,1.3259601593017578,WS
nan,Sally,tropical_cyclone,0.3845941722393036,CRPS,nan,0.7818254232406616,0.5696104764938354,1.3259601593017578,WS
-0.3960944712162018,Sally,tropical_cyclone,5.39400053024292,ERA5 interp,6.8199357986450195,,,7.908816814422607,RH
-0.7124291658401489,Sally,tropical_cyclone,4.812102317810059,DRN,6.101463317871094,,,7.908816814422607,RH
2.905832290649414,Sally,tropical_cyclone,5.610057830810547,Ens mean,6.954253673553467,,,7.908816814422607,RH
3.3340821266174316,Sally,tropical_cyclone,7.285109519958496,Ens member,9.15345573425293,,,7.908816814422607,RH
nan,Sally,tropical_cyclone,3.836122989654541,CRPS,nan,6.954253673553467,5.416606426239014,7.908816814422607,RH
0.017468322068452835,Sally,tropical_cyclone,1.8806816339492798,ERA5 interp,2.4685654640197754,,,2.9532549381256104,VPD
0.2254207730293274,Sally,tropical_cyclone,1.637696385383606,DRN,2.1891555786132812,,,2.9532549381256104,VPD
-0.9393689632415771,Sally,tropical_cyclone,1.8684728145599365,Ens mean,2.3756368160247803,,,2.9532549381256104,VPD
-1.156835913658142,Sally,tropical_cyclone,2.299835205078125,Ens member,2.975612163543701,,,2.9532549381256104,VPD
nan,Sally,tropical_cyclone,1.3350924253463745,CRPS,nan,2.3756368160247803,1.6525119543075562,2.9532549381256104,VPD
0.7879514694213867,Sally,tropical_cyclone,1.9925885200500488,ERA5 interp,3.053501844406128,,,3.0657477378845215,FFWI
0.1400378942489624,Sally,tropical_cyclone,1.522486686706543,DRN,2.2543082237243652,,,3.0657477378845215,FFWI
-0.02351592481136322,Sally,tropical_cyclone,1.6981524229049683,Ens mean,2.4097914695739746,,,3.0657477378845215,FFWI
-0.27211514115333557,Sally,tropical_cyclone,2.0470077991485596,Ens member,2.8006956577301025,,,3.0657477378845215,FFWI
nan,Sally,tropical_cyclone,1.202956199645996,CRPS,nan,2.4097914695739746,1.638813853263855,3.0657477378845215,FFWI
2.1283798217773438,Sally,tropical_cyclone,7.310933589935303,ERA5 interp,11.77425765991211,,,11.45169448852539,HDW
0.6652446389198303,Sally,tropical_cyclone,5.990719318389893,DRN,9.39523696899414,,,11.45169448852539,HDW
-0.5229322910308838,Sally,tropical_cyclone,6.539615631103516,Ens mean,9.683249473571777,,,11.45169448852539,HDW
-1.845056414604187,Sally,tropical_cyclone,7.659005165100098,Ens member,10.859208106994629,,,11.45169448852539,HDW
nan,Sally,tropical_cyclone,4.711194038391113,CRPS,nan,9.683249473571777,6.359105587005615,11.45169448852539,HDW
