event,method,supersat_frac,rh_gt100_frac,neg_precip_frac,psfc_err_pa
Florence,CONUS404,0.0,0.0,0.0,0.0
Florence,ERA5 interp,0.0,0.0,0.0,276.1793212890625
Florence,DRN,0.0065213260317515155,0.006054900063917633,0.003092231416380189,163.9736785888672
Florence,Ens member,0.08093354293710159,0.0737730405790592,0.614006599063693,177.66693115234375
Michael,CONUS404,0.0,0.0,0.0,0.0
Michael,ERA5 interp,0.0,0.0,0.0,224.6802520751953
Michael,DRN,0.0029252202595373466,0.0023523284579662343,0.0,194.00564575195312
Michael,Ens member,0.059780391476064405,0.053235536652055035,0.048582960808992666,212.69003295898438
CampFire_wind,CONUS404,0.0,0.0,0.0,0.0
CampFire_wind,ERA5 interp,0.0,0.0,0.0,1607.953125
CampFire_wind,DRN,6.657749317580695e-05,5.447249441656932e-05,0.019531415498029912,763.8889770507812
CampFire_wind,Ens member,0.022945025148134922,0.02207346523746981,0.02856174457242118,778.7291870117188
PolarVortex,CONUS404,0.0,0.0,0.0,0.0
PolarVortex,ERA5 interp,0.0,0.0,0.0,310.6398620605469
PolarVortex,DRN,0.0,0.0,0.0013561160835367507,140.33798217773438
PolarVortex,Ens member,0.11617540267898545,0.11292947321452007,0.0022704007979212053,148.3951873779297
BombCyclone,CONUS404,0.0,0.0,0.0,0.0
BombCyclone,ERA5 interp,0.0,0.0,0.0,793.8046875
BombCyclone,DRN,0.029458214436031,0.023546492545670077,1.544538704209254e-05,161.67562866210938
BombCyclone,Ens member,0.11325716183290407,0.10683960351691463,0.0168740853434861,167.88026428222656
Dorian,CONUS404,0.0,0.0,0.0,0.0
Dorian,ERA5 interp,0.0,0.0,0.0,282.213134765625
Dorian,DRN,0.0001090539985067991,9.227646027498385e-05,4.194384557953811e-05,119.54395294189453
Dorian,Ens member,0.0297130202085448,0.027573884083988358,0.42858221413172043,134.39227294921875
IowaDerecho,CONUS404,0.0,0.0,0.0,0.0
IowaDerecho,ERA5 interp,0.0,0.0,0.0,234.21673583984375
IowaDerecho,DRN,0.0,0.0,0.00021431816817975294,63.50954055786133
IowaDerecho,Ens member,3.0004543545165412e-05,2.1431816817975293e-05,0.041659165530780376,91.00999450683594
Laura,CONUS404,0.0,0.0,0.0,0.0
Laura,ERA5 interp,0.0,0.0,0.0,332.23553466796875
Laura,DRN,0.0003968496245192014,0.0003419012149703889,0.0,130.40220642089844
Laura,Ens member,0.01824287197020575,0.017015690823615606,0.045509493864094266,148.37742614746094
LaborDay_heat,CONUS404,0.0,0.0,0.0,0.0
LaborDay_heat,ERA5 interp,0.0,0.0,0.0,1443.802490234375
LaborDay_heat,DRN,0.0,0.0,0.013014705418483027,819.56689453125
LaborDay_heat,Ens member,0.0,0.0,0.16377205655056684,816.0416870117188
Sally,CONUS404,0.0,0.0,0.0,0.0
Sally,ERA5 interp,0.0,0.0,0.0,216.99241638183594
Sally,DRN,0.0015655461688426774,0.001469545696224966,0.0,110.75702667236328
Sally,Ens member,0.04432267974242335,0.04268328705618243,0.1829325928989189,131.72755432128906
