event,var,method,tendency_rmse,pixel_series_corr,tstd
Florence,T2,ERA5 interp,0.7709628343582153,0.8600256695929244,1.2959578037261963
Florence,T2,DRN,0.7538161277770996,0.846157083984844,1.2959578037261963
Florence,T2,Ens mean,0.8095481395721436,0.8255604324068433,1.2959578037261963
Florence,T2,Ens member,1.168923020362854,0.753323996569909,1.2959578037261963
Florence,T2,resid_lag1_member,nan,0.10669243998749897,nan
Florence,T2,resid_lag1_truth,nan,0.5956551679583207,nan
Florence,TD2,ERA5 interp,0.7630013823509216,0.8449307995584967,1.328782320022583
Florence,TD2,DRN,0.840183675289154,0.7894351752825033,1.328782320022583
Florence,TD2,Ens mean,1.1404643058776855,0.6778853967249937,1.328782320022583
Florence,TD2,Ens member,1.8785536289215088,0.5207739208033352,1.328782320022583
Florence,TD2,resid_lag1_member,nan,0.21248520557825318,nan
Florence,TD2,resid_lag1_truth,nan,0.5863145773010329,nan
Florence,U10,ERA5 interp,0.8010445833206177,0.8145348124743227,1.252016305923462
Florence,U10,DRN,0.6618200540542603,0.856809554555859,1.252016305923462
Florence,U10,Ens mean,0.8038626909255981,0.7764957793119267,1.252016305923462
Florence,U10,Ens member,1.1751571893692017,0.5934767774078531,1.252016305923462
Florence,U10,resid_lag1_member,nan,0.11544822944616029,nan
Florence,U10,resid_lag1_truth,nan,0.4526057470423345,nan
Florence,V10,ERA5 interp,0.7906433939933777,0.8285016724181237,1.4769476652145386
Florence,V10,DRN,0.6942548155784607,0.8786587578103799,1.4769476652145386
Florence,V10,Ens mean,0.7615270614624023,0.8418019941038664,1.4769476652145386
Florence,V10,Ens member,1.18893301486969,0.6216515309998211,1.4769476652145386
Florence,V10,resid_lag1_member,nan,0.06112466265476732,nan
Florence,V10,resid_lag1_truth,nan,0.43804163283818665,nan
Florence,WS,ERA5 interp,0.7566991448402405,0.8603326381525697,1.0423539876937866
Florence,WS,DRN,0.6645054221153259,0.8787796278670833,1.0423539876937866
Florence,WS,Ens mean,0.765877366065979,0.8207582972089759,1.0423539876937866
Florence,WS,Ens member,1.1639416217803955,0.6440058467045265,1.0423539876937866
Florence,WS,resid_lag1_member,nan,0.09481285081900467,nan
Florence,WS,resid_lag1_truth,nan,0.5504148449348889,nan
Michael,T2,ERA5 interp,1.2418153285980225,0.9775899827804038,3.4581286907196045
Michael,T2,DRN,0.910094141960144,0.9742659704458627,3.4581286907196045
Michael,T2,Ens mean,0.990175724029541,0.9666325190974773,3.4581286907196045
Michael,T2,Ens member,1.3849626779556274,0.9570221858969463,3.4581286907196045
Michael,T2,resid_lag1_member,nan,0.06582571097648456,nan
Michael,T2,resid_lag1_truth,nan,0.5056863490366896,nan
Michael,TD2,ERA5 interp,0.996186375617981,0.9915655385798893,4.8339009284973145
Michael,TD2,DRN,1.0671195983886719,0.9881025778988971,4.8339009284973145
Michael,TD2,Ens mean,1.3492248058319092,0.9778761921418733,4.8339009284973145
Michael,TD2,Ens member,1.9499410390853882,0.9515367977439446,4.8339009284973145
Michael,TD2,resid_lag1_member,nan,-0.0009848860605326437,nan
Michael,TD2,resid_lag1_truth,nan,0.33467057148572643,nan
Michael,U10,ERA5 interp,0.9967973828315735,0.9765909739473141,2.384594678878784
Michael,U10,DRN,0.7730720043182373,0.9829529929705253,2.384594678878784
Michael,U10,Ens mean,0.8579407334327698,0.9767075270502766,2.384594678878784
Michael,U10,Ens member,1.1011968851089478,0.951723323595018,2.384594678878784
Michael,U10,resid_lag1_member,nan,0.0625455703857123,nan
Michael,U10,resid_lag1_truth,nan,0.28134425220875253,nan
Michael,V10,ERA5 interp,1.4385377168655396,0.8917994450513907,2.2532804012298584
Michael,V10,DRN,1.075934648513794,0.9079702983821271,2.2532804012298584
Michael,V10,Ens mean,1.142163634300232,0.8943640390637088,2.2532804012298584
Michael,V10,Ens member,1.4511637687683105,0.839897289026113,2.2532804012298584
Michael,V10,resid_lag1_member,nan,0.08469491489994291,nan
Michael,V10,resid_lag1_truth,nan,0.0977891070068682,nan
Michael,WS,ERA5 interp,1.0050890445709229,0.7908403540002342,1.6038241386413574
Michael,WS,DRN,0.7953475117683411,0.8311906469931032,1.6038241386413574
Michael,WS,Ens mean,0.8714599609375,0.7811685051054083,1.6038241386413574
Michael,WS,Ens member,1.183945894241333,0.6868202523500956,1.6038241386413574
Michael,WS,resid_lag1_member,nan,0.03956251663120532,nan
Michael,WS,resid_lag1_truth,nan,0.5108335348828688,nan
CampFire_wind,T2,ERA5 interp,1.6552231311798096,0.826174231680773,2.373499631881714
CampFire_wind,T2,DRN,1.2472583055496216,0.8987318626063201,2.373499631881714
CampFire_wind,T2,Ens mean,1.3490756750106812,0.8919071079217009,2.373499631881714
CampFire_wind,T2,Ens member,1.7009483575820923,0.8511421604540169,2.373499631881714
CampFire_wind,T2,resid_lag1_member,nan,0.061913296072749265,nan
CampFire_wind,T2,resid_lag1_truth,nan,0.6873811179026481,nan
CampFire_wind,TD2,ERA5 interp,2.721802234649658,0.9021963249279299,4.741222858428955
CampFire_wind,TD2,DRN,2.072554111480713,0.9347576127107394,4.741222858428955
CampFire_wind,TD2,Ens mean,2.371798276901245,0.9089609380295788,4.741222858428955
CampFire_wind,TD2,Ens member,3.6216819286346436,0.834565753913964,4.741222858428955
CampFire_wind,TD2,resid_lag1_member,nan,0.1220392851992715,nan
CampFire_wind,TD2,resid_lag1_truth,nan,0.5768279785032981,nan
CampFire_wind,U10,ERA5 interp,1.7965989112854004,0.6277645747150017,2.3325979709625244
CampFire_wind,U10,DRN,0.9462679028511047,0.8205367871782828,2.3325979709625244
CampFire_wind,U10,Ens mean,1.06741464138031,0.7762807512484687,2.3325979709625244
CampFire_wind,U10,Ens member,1.4104503393173218,0.6918599469537491,2.3325979709625244
CampFire_wind,U10,resid_lag1_member,nan,0.14959796814220155,nan
CampFire_wind,U10,resid_lag1_truth,nan,0.29932478951656344,nan
CampFire_wind,V10,ERA5 interp,1.5776489973068237,0.705176452180189,2.3406758308410645
CampFire_wind,V10,DRN,0.9152717590332031,0.8416434723260532,2.3406758308410645
CampFire_wind,V10,Ens mean,1.0279210805892944,0.7851372457186161,2.3406758308410645
CampFire_wind,V10,Ens member,1.3762151002883911,0.6949432147481548,2.3406758308410645
CampFire_wind,V10,resid_lag1_member,nan,0.09415009974067035,nan
CampFire_wind,V10,resid_lag1_truth,nan,0.295136988940839,nan
CampFire_wind,WS,ERA5 interp,1.6835970878601074,0.6586115045150485,2.233186960220337
CampFire_wind,WS,DRN,1.0321851968765259,0.8091284169447651,2.233186960220337
CampFire_wind,WS,Ens mean,1.1261589527130127,0.7484647518567535,2.233186960220337
CampFire_wind,WS,Ens member,1.4210807085037231,0.6567390596403319,2.233186960220337
CampFire_wind,WS,resid_lag1_member,nan,0.1197101053062766,nan
CampFire_wind,WS,resid_lag1_truth,nan,0.264190887365164,nan
PolarVortex,T2,ERA5 interp,2.96043062210083,0.9498862918888896,7.996248722076416
PolarVortex,T2,DRN,2.438155174255371,0.9558832371695328,7.996248722076416
PolarVortex,T2,Ens mean,2.5246641635894775,0.9536744762723887,7.996248722076416
PolarVortex,T2,Ens member,2.865602970123291,0.9391657670673537,7.996248722076416
PolarVortex,T2,resid_lag1_member,nan,0.053343701808953134,nan
PolarVortex,T2,resid_lag1_truth,nan,0.30447045320549215,nan
PolarVortex,TD2,ERA5 interp,3.568622589111328,0.9612968753465118,10.041377067565918
PolarVortex,TD2,DRN,2.8440754413604736,0.9592112424086159,10.041377067565918
PolarVortex,TD2,Ens mean,3.25850772857666,0.9515855566969685,10.041377067565918
PolarVortex,TD2,Ens member,3.9982962608337402,0.9290706823743522,10.041377067565918
PolarVortex,TD2,resid_lag1_member,nan,0.10951054867346394,nan
PolarVortex,TD2,resid_lag1_truth,nan,0.3193090188416151,nan
PolarVortex,U10,ERA5 interp,1.2334675788879395,0.9621887881215714,3.088270902633667
PolarVortex,U10,DRN,1.0721362829208374,0.9700592528811252,3.088270902633667
PolarVortex,U10,Ens mean,1.1658368110656738,0.9607171431064916,3.088270902633667
PolarVortex,U10,Ens member,1.5014925003051758,0.9262961990406202,3.088270902633667
PolarVortex,U10,resid_lag1_member,nan,0.09309960551577555,nan
PolarVortex,U10,resid_lag1_truth,nan,0.29266719775538247,nan
PolarVortex,V10,ERA5 interp,1.2343584299087524,0.8684654077550068,2.287121534347534
PolarVortex,V10,DRN,0.9849728345870972,0.9316584839280367,2.287121534347534
PolarVortex,V10,Ens mean,1.0598547458648682,0.9202476681746804,2.287121534347534
PolarVortex,V10,Ens member,1.3603678941726685,0.8624014735853398,2.287121534347534
PolarVortex,V10,resid_lag1_member,nan,0.03861825044515549,nan
PolarVortex,V10,resid_lag1_truth,nan,0.21019314616133816,nan
PolarVortex,WS,ERA5 interp,1.0916630029678345,0.8862999388456734,2.011836051940918
PolarVortex,WS,DRN,0.9478495121002197,0.9172888347040161,2.011836051940918
PolarVortex,WS,Ens mean,1.0576481819152832,0.8842567292796176,2.011836051940918
PolarVortex,WS,Ens member,1.3592251539230347,0.7899633197123225,2.011836051940918
PolarVortex,WS,resid_lag1_member,nan,0.059860894103686675,nan
PolarVortex,WS,resid_lag1_truth,nan,0.5267951208533698,nan
BombCyclone,T2,ERA5 interp,1.8956422805786133,0.8405321268326902,3.778559923171997
BombCyclone,T2,DRN,1.3076813220977783,0.9372257568349154,3.778559923171997
BombCyclone,T2,Ens mean,1.350392460823059,0.9313057834466497,3.778559923171997
BombCyclone,T2,Ens member,1.5919314622879028,0.9097211419717257,3.778559923171997
BombCyclone,T2,resid_lag1_member,nan,0.05987030978836792,nan
BombCyclone,T2,resid_lag1_truth,nan,0.5392962279886263,nan
BombCyclone,TD2,ERA5 interp,2.2848243713378906,0.9364540372731812,5.770622253417969
BombCyclone,TD2,DRN,1.763242244720459,0.9564244803134342,5.770622253417969
BombCyclone,TD2,Ens mean,1.9422833919525146,0.9527929698061122,5.770622253417969
BombCyclone,TD2,Ens member,2.569493055343628,0.9231610370651955,5.770622253417969
BombCyclone,TD2,resid_lag1_member,nan,0.06442105707510654,nan
BombCyclone,TD2,resid_lag1_truth,nan,0.3455572175816444,nan
BombCyclone,U10,ERA5 interp,1.7640998363494873,0.8640135614270649,3.836566686630249
BombCyclone,U10,DRN,1.029928207397461,0.9342805955355428,3.836566686630249
BombCyclone,U10,Ens mean,1.1168583631515503,0.9217227522465868,3.836566686630249
BombCyclone,U10,Ens member,1.4197176694869995,0.8826602221240868,3.836566686630249
BombCyclone,U10,resid_lag1_member,nan,0.030918436332496354,nan
BombCyclone,U10,resid_lag1_truth,nan,0.19638521218455463,nan
BombCyclone,V10,ERA5 interp,2.231077194213867,0.9244907416929552,4.5648274421691895
BombCyclone,V10,DRN,1.2947958707809448,0.9610246917687753,4.5648274421691895
BombCyclone,V10,Ens mean,1.3390730619430542,0.9559091541519094,4.5648274421691895
BombCyclone,V10,Ens member,1.6341758966445923,0.9268062766904118,4.5648274421691895
BombCyclone,V10,resid_lag1_member,nan,0.01925669800767624,nan
BombCyclone,V10,resid_lag1_truth,nan,0.17341135640177535,nan
BombCyclone,WS,ERA5 interp,1.9285415410995483,0.8479215398233996,3.562556743621826
BombCyclone,WS,DRN,1.3396507501602173,0.9068697303651871,3.562556743621826
BombCyclone,WS,Ens mean,1.3878421783447266,0.8966290423944074,3.562556743621826
BombCyclone,WS,Ens member,1.630459189414978,0.850555502939929,3.562556743621826
BombCyclone,WS,resid_lag1_member,nan,0.027940517943168406,nan
BombCyclone,WS,resid_lag1_truth,nan,0.2000604402812091,nan
Dorian,T2,ERA5 interp,1.1094969511032104,0.8380398295161299,1.9322172403335571
Dorian,T2,DRN,1.0670047998428345,0.8286482685825655,1.9322172403335571
Dorian,T2,Ens mean,1.141427993774414,0.8391975076234517,1.9322172403335571
Dorian,T2,Ens member,1.4909226894378662,0.7754347667235152,1.9322172403335571
Dorian,T2,resid_lag1_member,nan,0.06049980852713782,nan
Dorian,T2,resid_lag1_truth,nan,0.38326048600191864,nan
Dorian,TD2,ERA5 interp,1.2982277870178223,0.8727622216442944,2.518237352371216
Dorian,TD2,DRN,1.2454304695129395,0.8903706314066363,2.518237352371216
Dorian,TD2,Ens mean,1.632364273071289,0.8208642172457623,2.518237352371216
Dorian,TD2,Ens member,2.6240203380584717,0.6862420965360284,2.518237352371216
Dorian,TD2,resid_lag1_member,nan,0.12554767907569114,nan
Dorian,TD2,resid_lag1_truth,nan,0.4345397376788819,nan
Dorian,U10,ERA5 interp,0.8866716623306274,0.9285714306493138,2.0271692276000977
Dorian,U10,DRN,0.7401099801063538,0.9445679070686913,2.0271692276000977
Dorian,U10,Ens mean,0.8138237595558167,0.920461810682399,2.0271692276000977
Dorian,U10,Ens member,1.126178503036499,0.8375515687050702,2.0271692276000977
Dorian,U10,resid_lag1_member,nan,0.06514245721614392,nan
Dorian,U10,resid_lag1_truth,nan,0.25703247860264145,nan
Dorian,V10,ERA5 interp,0.9302358627319336,0.9319565347244805,2.047527313232422
Dorian,V10,DRN,0.7740219831466675,0.9396345124023703,2.047527313232422
Dorian,V10,Ens mean,0.9167104959487915,0.9103445699101209,2.047527313232422
Dorian,V10,Ens member,1.2548140287399292,0.7934223504661623,2.047527313232422
Dorian,V10,resid_lag1_member,nan,0.03391965445698571,nan
Dorian,V10,resid_lag1_truth,nan,0.1602243965444857,nan
Dorian,WS,ERA5 interp,0.8436341881752014,0.8794442389159615,1.4533034563064575
Dorian,WS,DRN,0.6995922327041626,0.8960302043049881,1.4533034563064575
Dorian,WS,Ens mean,0.8180622458457947,0.8479186316331097,1.4533034563064575
Dorian,WS,Ens member,1.1083189249038696,0.7372274671130464,1.4533034563064575
Dorian,WS,resid_lag1_member,nan,0.051197570812284245,nan
Dorian,WS,resid_lag1_truth,nan,0.44684504520796287,nan
IowaDerecho,T2,ERA5 interp,1.4101163148880005,0.6715041068062139,1.8263450860977173
IowaDerecho,T2,DRN,1.1892973184585571,0.7406041867294914,1.8263450860977173
IowaDerecho,T2,Ens mean,1.2466477155685425,0.7271758663232032,1.8263450860977173
IowaDerecho,T2,Ens member,1.5853909254074097,0.6435743851466432,1.8263450860977173
IowaDerecho,T2,resid_lag1_member,nan,0.05421583754876459,nan
IowaDerecho,T2,resid_lag1_truth,nan,0.41362054232720386,nan
IowaDerecho,TD2,ERA5 interp,1.8866901397705078,0.6844474934975877,3.5474119186401367
IowaDerecho,TD2,DRN,1.7907482385635376,0.6607258657567281,3.5474119186401367
IowaDerecho,TD2,Ens mean,1.9800220727920532,0.6329717893907405,3.5474119186401367
IowaDerecho,TD2,Ens member,2.701932191848755,0.6105086321749729,3.5474119186401367
IowaDerecho,TD2,resid_lag1_member,nan,0.08738134132742831,nan
IowaDerecho,TD2,resid_lag1_truth,nan,0.5643937142600579,nan
IowaDerecho,U10,ERA5 interp,1.0209931135177612,0.708880536835103,1.5703600645065308
IowaDerecho,U10,DRN,0.7861111760139465,0.7702218636052388,1.5703600645065308
IowaDerecho,U10,Ens mean,0.8772716522216797,0.7360068796800084,1.5703600645065308
IowaDerecho,U10,Ens member,1.1884217262268066,0.6500975045638795,1.5703600645065308
IowaDerecho,U10,resid_lag1_member,nan,0.0337245293824595,nan
IowaDerecho,U10,resid_lag1_truth,nan,0.22260270109402244,nan
IowaDerecho,V10,ERA5 interp,1.0554922819137573,0.8048146175717378,1.5403990745544434
IowaDerecho,V10,DRN,0.8363032937049866,0.8235493729382247,1.5403990745544434
IowaDerecho,V10,Ens mean,0.8921418786048889,0.7983967709598979,1.5403990745544434
IowaDerecho,V10,Ens member,1.2004162073135376,0.716502654967287,1.5403990745544434
IowaDerecho,V10,resid_lag1_member,nan,0.027790841223215547,nan
IowaDerecho,V10,resid_lag1_truth,nan,0.23957589270176236,nan
IowaDerecho,WS,ERA5 interp,0.9705931544303894,0.6804740685432301,1.2429898977279663
IowaDerecho,WS,DRN,0.8042882680892944,0.7221600073828518,1.2429898977279663
IowaDerecho,WS,Ens mean,0.8506305813789368,0.6874704515948817,1.2429898977279663
IowaDerecho,WS,Ens member,1.1753700971603394,0.5768679550955738,1.2429898977279663
IowaDerecho,WS,resid_lag1_member,nan,0.03259565061177437,nan
IowaDerecho,WS,resid_lag1_truth,nan,0.19231023368638778,nan
Laura,T2,ERA5 interp,1.1145037412643433,0.6660816573837977,1.4173275232315063
Laura,T2,DRN,0.9724224805831909,0.6733318837262111,1.4173275232315063
Laura,T2,Ens mean,1.051246166229248,0.645875473090756,1.4173275232315063
Laura,T2,Ens member,1.4361025094985962,0.5070695933766037,1.4173275232315063
Laura,T2,resid_lag1_member,nan,-0.0014840904953282359,nan
Laura,T2,resid_lag1_truth,nan,0.5903999797444177,nan
Laura,TD2,ERA5 interp,1.2408466339111328,0.690939330082999,1.327130913734436
Laura,TD2,DRN,1.187845230102539,0.7151809141287131,1.327130913734436
Laura,TD2,Ens mean,1.409719705581665,0.6548108417368014,1.327130913734436
Laura,TD2,Ens member,2.154775857925415,0.519724265871108,1.327130913734436
Laura,TD2,resid_lag1_member,nan,0.08659426482469844,nan
Laura,TD2,resid_lag1_truth,nan,0.5458226437153078,nan
Laura,U10,ERA5 interp,0.8608240485191345,0.7780493498342861,1.481627345085144
Laura,U10,DRN,0.7287505865097046,0.806410968283161,1.481627345085144
Laura,U10,Ens mean,0.8120214939117432,0.7902057322925508,1.481627345085144
Laura,U10,Ens member,1.096858263015747,0.7176826727677031,1.481627345085144
Laura,U10,resid_lag1_member,nan,0.09785352458336255,nan
Laura,U10,resid_lag1_truth,nan,0.24433853678216758,nan
Laura,V10,ERA5 interp,1.0476510524749756,0.879552861755574,1.7685835361480713
Laura,V10,DRN,0.8264366388320923,0.9075419000857065,1.7685835361480713
Laura,V10,Ens mean,0.9068394899368286,0.8974599382113863,1.7685835361480713
Laura,V10,Ens member,1.3463480472564697,0.820410108399948,1.7685835361480713
Laura,V10,resid_lag1_member,nan,-0.016032813187843158,nan
Laura,V10,resid_lag1_truth,nan,0.27926772302011865,nan
Laura,WS,ERA5 interp,0.86818927526474,0.7362972872047352,1.11179780960083
Laura,WS,DRN,0.7494767904281616,0.7932367359529018,1.11179780960083
Laura,WS,Ens mean,0.8147121667861938,0.7267072278771953,1.11179780960083
Laura,WS,Ens member,1.1351044178009033,0.6307963578722953,1.11179780960083
Laura,WS,resid_lag1_member,nan,-0.01676116714068668,nan
Laura,WS,resid_lag1_truth,nan,0.3877085556805467,nan
LaborDay_heat,T2,ERA5 interp,1.4104773998260498,0.9418401444429525,4.6573615074157715
LaborDay_heat,T2,DRN,1.1159690618515015,0.958880730847275,4.6573615074157715
LaborDay_heat,T2,Ens mean,1.1364139318466187,0.9587691393284689,4.6573615074157715
LaborDay_heat,T2,Ens member,1.389829397201538,0.943307790306555,4.6573615074157715
LaborDay_heat,T2,resid_lag1_member,nan,-0.020028888023391613,nan
LaborDay_heat,T2,resid_lag1_truth,nan,0.7257079227082973,nan
LaborDay_heat,TD2,ERA5 interp,2.155923366546631,0.7359636383905478,3.2119698524475098
LaborDay_heat,TD2,DRN,1.8253048658370972,0.7912902768059594,3.2119698524475098
LaborDay_heat,TD2,Ens mean,2.1057169437408447,0.7500792281978986,3.2119698524475098
LaborDay_heat,TD2,Ens member,3.235834836959839,0.6196817589772531,3.2119698524475098
LaborDay_heat,TD2,resid_lag1_member,nan,0.10618551574472633,nan
LaborDay_heat,TD2,resid_lag1_truth,nan,0.7281647895905998,nan
LaborDay_heat,U10,ERA5 interp,1.7025947570800781,0.8031876946786037,2.9980309009552
LaborDay_heat,U10,DRN,1.0146729946136475,0.8802725453349308,2.9980309009552
LaborDay_heat,U10,Ens mean,1.1302595138549805,0.8471158070781715,2.9980309009552
LaborDay_heat,U10,Ens member,1.5172736644744873,0.7754757951572624,2.9980309009552
LaborDay_heat,U10,resid_lag1_member,nan,0.03675973270924567,nan
LaborDay_heat,U10,resid_lag1_truth,nan,0.23693785357278102,nan
LaborDay_heat,V10,ERA5 interp,1.5225197076797485,0.7567765315415306,2.154770851135254
LaborDay_heat,V10,DRN,0.9950253963470459,0.8861081673510975,2.154770851135254
LaborDay_heat,V10,Ens mean,1.1280537843704224,0.8480763698034604,2.154770851135254
LaborDay_heat,V10,Ens member,1.5059784650802612,0.7577355786899898,2.154770851135254
LaborDay_heat,V10,resid_lag1_member,nan,0.02952533623785751,nan
LaborDay_heat,V10,resid_lag1_truth,nan,0.275826508375151,nan
LaborDay_heat,WS,ERA5 interp,1.5116970539093018,0.8204636203151663,2.086899995803833
LaborDay_heat,WS,DRN,1.0588748455047607,0.8848572224615368,2.086899995803833
LaborDay_heat,WS,Ens mean,1.1578727960586548,0.8544439279667092,2.086899995803833
LaborDay_heat,WS,Ens member,1.5106648206710815,0.7794277406794463,2.086899995803833
LaborDay_heat,WS,resid_lag1_member,nan,0.037471954600827695,nan
LaborDay_heat,WS,resid_lag1_truth,nan,0.2633552795484933,nan
Sally,T2,ERA5 interp,0.9691041111946106,0.8624390628443223,1.6761817932128906
Sally,T2,DRN,0.8245897889137268,0.8812265210118939,1.6761817932128906
Sally,T2,Ens mean,0.8590190410614014,0.8781067188177323,1.6761817932128906
Sally,T2,Ens member,1.2194315195083618,0.8044676567645023,1.6761817932128906
Sally,T2,resid_lag1_member,nan,0.08917535766159417,nan
Sally,T2,resid_lag1_truth,nan,0.5176043839666059,nan
Sally,TD2,ERA5 interp,1.194367527961731,0.885092741827098,2.6292760372161865
Sally,TD2,DRN,1.0896118879318237,0.8862485494647988,2.6292760372161865
Sally,TD2,Ens mean,1.278801441192627,0.8482312627982941,2.6292760372161865
Sally,TD2,Ens member,2.2863593101501465,0.6683066458621458,2.6292760372161865
Sally,TD2,resid_lag1_member,nan,0.08122444411797523,nan
Sally,TD2,resid_lag1_truth,nan,0.5022462700025637,nan
Sally,U10,ERA5 interp,0.7854167819023132,0.8788188305589437,1.3608489036560059
Sally,U10,DRN,0.6240161061286926,0.900300590931331,1.3608489036560059
Sally,U10,Ens mean,0.7473464608192444,0.8485511146651413,1.3608489036560059
Sally,U10,Ens member,1.0403223037719727,0.6939206533422432,1.3608489036560059
Sally,U10,resid_lag1_member,nan,0.10316442995190245,nan
Sally,U10,resid_lag1_truth,nan,0.4244733332582775,nan
Sally,V10,ERA5 interp,0.8487291932106018,0.8950331505775655,1.701280951499939
Sally,V10,DRN,0.7508546710014343,0.9018248864842424,1.701280951499939
Sally,V10,Ens mean,0.7911518216133118,0.8614517705544992,1.701280951499939
Sally,V10,Ens member,1.147805094718933,0.7582180394600007,1.701280951499939
Sally,V10,resid_lag1_member,nan,0.08298877336692587,nan
Sally,V10,resid_lag1_truth,nan,0.30351830071112657,nan
Sally,WS,ERA5 interp,0.7768981456756592,0.82371340802236,1.0790477991104126
Sally,WS,DRN,0.6634570956230164,0.8270552083288963,1.0790477991104126
Sally,WS,Ens mean,0.7355138659477234,0.7661799818518223,1.0790477991104126
Sally,WS,Ens member,1.0617252588272095,0.6310554747460886,1.0790477991104126
Sally,WS,resid_lag1_member,nan,0.06833470465466306,nan
Sally,WS,resid_lag1_truth,nan,0.5414067199666959,nan
