event,kind,method,max_ws,p99_ws,maxloc_err_km
Florence,tropical_cyclone,CONUS404,24.465126037597656,10.309921369552622,0.0
Florence,tropical_cyclone,ERA5 interp,19.493995666503906,12.393326768875125,43.266615305567875
Florence,tropical_cyclone,DRN,17.232454299926758,9.350838823318494,37.94733192202055
Florence,tropical_cyclone,Ens mean,19.246131896972656,9.96779714584351,5.656854249492381
Florence,tropical_cyclone,Ens member,20.427480697631836,10.23670342445374,5.656854249492381
Michael,tropical_cyclone,CONUS404,21.233774185180664,7.488770999908436,0.0
Michael,tropical_cyclone,ERA5 interp,10.709979057312012,7.07540054321287,644.1117915393258
Michael,tropical_cyclone,DRN,17.104337692260742,5.919531307220407,0.0
Michael,tropical_cyclone,Ens mean,16.87061309814453,6.238011302947994,0.0
Michael,tropical_cyclone,Ens member,17.227754592895508,6.466015434265112,0.0
BombCyclone,extratropical_storm,CONUS404,24.447904586791992,13.724949760437012,0.0
BombCyclone,extratropical_storm,ERA5 interp,14.265067100524902,11.411480827331541,566.0388679233962
BombCyclone,extratropical_storm,DRN,23.31429672241211,13.33256004333496,1400.5084790889343
BombCyclone,extratropical_storm,Ens mean,23.151391983032227,13.399373703002885,104.30723848324239
BombCyclone,extratropical_storm,Ens member,23.01441764831543,13.409992942810055,380.52595180880894
Dorian,tropical_cyclone,CONUS404,13.455378532409668,7.98776152610779,0.0
Dorian,tropical_cyclone,ERA5 interp,10.743568420410156,7.562130584716797,426.42701602970703
Dorian,tropical_cyclone,DRN,10.880115509033203,6.159613513946535,435.72468371667907
Dorian,tropical_cyclone,Ens mean,10.859010696411133,5.939074926376343,435.72468371667907
Dorian,tropical_cyclone,Ens member,12.453392028808594,6.374463014602662,435.72468371667907
IowaDerecho,convective_wind,CONUS404,8.92833137512207,5.81825270652771,0.0
IowaDerecho,convective_wind,ERA5 interp,7.230489253997803,6.449720602035522,1592.7887493324406
IowaDerecho,convective_wind,DRN,7.774037837982178,5.456374845504761,0.0
IowaDerecho,convective_wind,Ens mean,8.287352561950684,5.9771044206619255,1564.8795480802987
IowaDerecho,convective_wind,Ens member,9.70021915435791,6.4170954465866075,1564.8795480802987
Laura,tropical_cyclone,CONUS404,13.42834758758545,6.808698086738578,0.0
Laura,tropical_cyclone,ERA5 interp,11.755245208740234,6.545752973556512,48.82622246293481
Laura,tropical_cyclone,DRN,17.854106903076172,5.602252988815304,60.13318551349163
Laura,tropical_cyclone,Ens mean,17.683910369873047,5.981023726463315,60.13318551349163
Laura,tropical_cyclone,Ens member,16.736801147460938,6.16381091594695,91.21403400793103
Sally,tropical_cyclone,CONUS404,13.1962251663208,6.719408369064332,0.0
Sally,tropical_cyclone,ERA5 interp,11.874910354614258,8.070448732376105,506.3595560468865
Sally,tropical_cyclone,DRN,12.29434871673584,6.02233693599701,337.16464820618427
Sally,tropical_cyclone,Ens mean,11.596774101257324,6.4358654737472545,513.6535797597443
Sally,tropical_cyclone,Ens member,11.913979530334473,6.41468760967255,513.6535797597443
