bias,event,kind,method,skill,spread,value,var
,Florence,crps,R2-D2-style,1.1623247861862183,0.9136061668395996,0.19976782035386895,T2
,Florence,crps,CorrDiff-style,0.966294527053833,0.7527868747711182,0.16907426076491996,T2
,Florence,crps,Ours (latent),0.8874446153640747,0.6377614140510559,0.15681682593198876,T2
0.15422928614099282,Florence,rmse,ERA5 interp,,,0.363135654884449,T2
0.0811473503510936,Florence,rmse,DRN only,,,0.2772162651678608,T2
0.1560021950701047,Florence,rmse,R2-D2-style mean,,,0.39003104395716487,T2
0.1537172304562797,Florence,rmse,R2-D2-style,,,0.47763679826180083,T2
0.03304301243750386,Florence,rmse,CorrDiff-style mean,,,0.32425090442536597,T2
0.03144302968236887,Florence,rmse,CorrDiff-style,,,0.4103705041844899,T2
0.005575461540150854,Florence,rmse,Ours (latent) mean,,,0.2977919372435721,T2
0.015433429140805702,Florence,rmse,Ours (latent),,,0.29461645796153135,T2
,Florence,crps,R2-D2-style,1.6716585159301758,1.2433350086212158,0.3624281709652464,TD2
,Florence,crps,CorrDiff-style,1.2718079090118408,1.0392894744873047,0.30944359269344135,TD2
,Florence,crps,Ours (latent),1.119301438331604,1.1908888816833496,0.2549713619607184,TD2
-0.15545296634699193,Florence,rmse,ERA5 interp,,,0.4508139730248553,TD2
-0.058329463304344825,Florence,rmse,DRN only,,,0.3688263881689718,TD2
-0.21787033943194528,Florence,rmse,R2-D2-style mean,,,0.7371833787082623,TD2
-0.15112976633891717,Florence,rmse,R2-D2-style,,,0.8706345599879551,TD2
-0.38079224268504064,Florence,rmse,CorrDiff-style mean,,,0.5608535729628648,TD2
-0.36179880279159377,Florence,rmse,CorrDiff-style,,,0.6905917343540607,TD2
0.17271505235026852,Florence,rmse,Ours (latent) mean,,,0.49359986399086714,TD2
0.2442841415411803,Florence,rmse,Ours (latent),,,0.7203305370993929,TD2
,Florence,crps,R2-D2-style,0.9469845294952393,0.607495903968811,0.3064095597618398,U10
,Florence,crps,CorrDiff-style,0.6628178358078003,0.6628298163414001,0.17653380030333912,U10
,Florence,crps,Ours (latent),0.7241441607475281,0.6636327505111694,0.18580756693726594,U10
-0.1561864469337664,Florence,rmse,ERA5 interp,,,0.5798261028851391,U10
-0.01709331206610305,Florence,rmse,DRN only,,,0.32434545937969267,U10
-0.38105828991373497,Florence,rmse,R2-D2-style mean,,,0.5429675971208073,U10
-0.35754817507820996,Florence,rmse,R2-D2-style,,,0.6100648713747796,U10
0.015748059574559704,Florence,rmse,CorrDiff-style mean,,,0.38003641709881214,U10
0.03033207320807437,Florence,rmse,CorrDiff-style,,,0.5154767543670786,U10
-0.09748878028008631,Florence,rmse,Ours (latent) mean,,,0.4151987732468291,U10
-0.17694701271112587,Florence,rmse,Ours (latent),,,0.5475825143245373,U10
,Florence,crps,R2-D2-style,0.7441452145576477,0.6373314261436462,0.18438472024309885,V10
,Florence,crps,CorrDiff-style,0.73420649766922,0.5810050368309021,0.1860725286381084,V10
,Florence,crps,Ours (latent),0.7305171489715576,0.6880992650985718,0.17774241807624977,V10
0.007906979528896319,Florence,rmse,ERA5 interp,,,0.4435125778838143,V10
-0.0031677873596423494,Florence,rmse,DRN only,,,0.3248890588896158,V10
0.03027080340121092,Florence,rmse,R2-D2-style mean,,,0.3827679088853879,V10
0.00922369670447064,Florence,rmse,R2-D2-style,,,0.4773690007012939,V10
-0.03753613086044411,Florence,rmse,CorrDiff-style mean,,,0.37765570523754377,V10
-0.0427933707217747,Florence,rmse,CorrDiff-style,,,0.4642933374261049,V10
-0.07048696358023984,Florence,rmse,Ours (latent) mean,,,0.37575800535514553,V10
-0.10006995923028014,Florence,rmse,Ours (latent),,,0.5356073887444817,V10
,Florence,crps,R2-D2-style,109.69295501708984,54.388404846191406,0.023288413225858614,PSFC
,Florence,crps,CorrDiff-style,294.0719299316406,81.07671356201172,0.07388585502266208,PSFC
,Florence,crps,Ours (latent),300.95947265625,84.88134765625,0.08052785340658265,PSFC
-0.005912165158661978,Florence,rmse,ERA5 interp,,,0.25417019325606144,PSFC
-0.09107761264410985,Florence,rmse,DRN only,,,0.15662804504058933,PSFC
-0.019747382787247785,Florence,rmse,R2-D2-style mean,,,0.05593192694877805,PSFC
-0.017025683348145113,Florence,rmse,R2-D2-style,,,0.05980108541979412,PSFC
-0.0801066233363513,Florence,rmse,CorrDiff-style mean,,,0.14994590764794466,PSFC
-0.07929372088035123,Florence,rmse,CorrDiff-style,,,0.1551547512448928,PSFC
-0.08580023163141239,Florence,rmse,Ours (latent) mean,,,0.1534578336095474,PSFC
-0.08829573581346295,Florence,rmse,Ours (latent),,,0.1629059758464468,PSFC
,Florence,crps,R2-D2-style,20.00537109375,16.573131561279297,0.1568464081535267,PREC
,Florence,crps,CorrDiff-style,19.26798439025879,19.10411834716797,0.11974746144632976,PREC
,Florence,crps,Ours (latent),18.714672088623047,30.94974708557129,0.11969363441866909,PREC
0.066532130344491,Florence,rmse,ERA5 interp,,,0.7206085187413771,PREC
-0.019359043443887766,Florence,rmse,DRN only,,,0.6965068380553434,PREC
0.09708060284100137,Florence,rmse,R2-D2-style mean,,,1.034956682810499,PREC
0.08046898265634951,Florence,rmse,R2-D2-style,,,1.198419449012533,PREC
0.03057994354625286,Florence,rmse,CorrDiff-style mean,,,0.996808762783549,PREC
0.019157318517069827,Florence,rmse,CorrDiff-style,,,1.2077107537816572,PREC
0.06312684311932706,Florence,rmse,Ours (latent) mean,,,0.9681837369554565,PREC
0.0012690136705664043,Florence,rmse,Ours (latent),,,1.1317869172003157,PREC
,Florence,crps,R2-D2-style,0.8542330265045166,0.6423789858818054,0.2198060930410571,WS
,Florence,crps,CorrDiff-style,0.7482317090034485,0.6189796328544617,0.18127764033604055,WS
,Florence,crps,Ours (latent),0.7567893266677856,0.6481375694274902,0.18322310655635474,WS
0.14403180179593986,Florence,rmse,ERA5 interp,,,0.5652741414135566,WS
-0.05250400174864318,Florence,rmse,DRN only,,,0.35395808919892535,WS
0.13539601972868218,Florence,rmse,R2-D2-style mean,,,0.45093107634940593,WS
0.17570069380633707,Florence,rmse,R2-D2-style,,,0.5528101189225871,WS
0.010133036746866721,Florence,rmse,CorrDiff-style mean,,,0.39497528125353576,WS
0.036521895198707105,Florence,rmse,CorrDiff-style,,,0.5001655950238554,WS
0.08309959777682939,Florence,rmse,Ours (latent) mean,,,0.3994926619033529,WS
0.11292390501195065,Florence,rmse,Ours (latent),,,0.5333716606786483,WS
,Florence,crps,R2-D2-style,10.195663452148438,6.828195571899414,0.7724255401747553,RH
,Florence,crps,CorrDiff-style,7.377715110778809,6.223957538604736,0.5515890173165617,RH
,Florence,crps,Ours (latent),6.341456890106201,5.715846061706543,0.4682858469020344,RH
-0.5092527649592524,Florence,rmse,ERA5 interp,,,1.0521641937149315,RH
-0.24727848307377562,Florence,rmse,DRN only,,,0.7255781079508982,RH
-0.6385759360920261,Florence,rmse,R2-D2-style mean,,,1.3761149070765426,RH
-0.5576104455174663,Florence,rmse,R2-D2-style,,,1.6258011891226594,RH
-0.6025439697481799,Florence,rmse,CorrDiff-style mean,,,0.9957747028190916,RH
-0.5787800519531605,Florence,rmse,CorrDiff-style,,,1.2607024836524918,RH
0.22286011468001798,Florence,rmse,Ours (latent) mean,,,0.855910299512635,RH
0.3224965538972529,Florence,rmse,Ours (latent),,,1.123538390981193,RH
,Florence,crps,R2-D2-style,3.5968284606933594,2.5619289875030518,0.5952592545812194,VPD
,Florence,crps,CorrDiff-style,2.557894706726074,2.19344425201416,0.42854705977459995,VPD
,Florence,crps,Ours (latent),2.1110451221466064,1.9072790145874023,0.3585305646365659,VPD
0.41705244566170574,Florence,rmse,ERA5 interp,,,0.895808355227925,VPD
0.20848604437146703,Florence,rmse,DRN only,,,0.5811124525445477,VPD
0.518174999793336,Florence,rmse,R2-D2-style mean,,,1.1235216914900534,VPD
0.4376590428381319,Florence,rmse,R2-D2-style,,,1.333421410672784,VPD
0.47893334270706595,Florence,rmse,CorrDiff-style mean,,,0.7989956204362166,VPD
0.45663872892185514,Florence,rmse,CorrDiff-style,,,1.0177255893889545,VPD
-0.15105196069019966,Florence,rmse,Ours (latent) mean,,,0.6594156525298317,VPD
-0.24329460983811468,Florence,rmse,Ours (latent),,,0.8728359580157069,VPD
,Florence,crps,R2-D2-style,3.4337751865386963,2.277773141860962,0.3985701749000183,FFWI
,Florence,crps,CorrDiff-style,2.233826160430908,2.032426357269287,0.26460368837780124,FFWI
,Florence,crps,Ours (latent),2.2092459201812744,1.958057165145874,0.255751021610498,FFWI
0.2525805468202371,Florence,rmse,ERA5 interp,,,0.5994311630602552,FFWI
-0.01677128875476814,Florence,rmse,DRN only,,,0.4689365435934287,FFWI
0.27980948710038595,Florence,rmse,R2-D2-style mean,,,0.9032390190707943,FFWI
0.30604141681300673,Florence,rmse,R2-D2-style,,,1.1195102566188238,FFWI
0.18452194636782418,Florence,rmse,CorrDiff-style mean,,,0.58759785958968,FFWI
0.21016965516886715,Florence,rmse,CorrDiff-style,,,0.8100046239716399,FFWI
-0.062310205029523995,Florence,rmse,Ours (latent) mean,,,0.5811321386599463,FFWI
-0.1149316121932119,Florence,rmse,Ours (latent),,,0.7395433989496629,FFWI
,Florence,crps,R2-D2-style,19.231260299682617,11.509574890136719,0.44262481176529406,HDW
,Florence,crps,CorrDiff-style,8.987573623657227,8.563667297363281,0.2785778191529397,HDW
,Florence,crps,Ours (latent),8.569901466369629,7.820284366607666,0.26628501467695054,HDW
0.285093462892285,Florence,rmse,ERA5 interp,,,0.7008699863366739,HDW
-0.007780544179942215,Florence,rmse,DRN only,,,0.4868907334959161,HDW
0.3312454915693377,Florence,rmse,R2-D2-style mean,,,1.3848359329546571,HDW
0.32724528087832055,Florence,rmse,R2-D2-style,,,1.7176865357177586,HDW
0.2325249210114707,Florence,rmse,CorrDiff-style mean,,,0.6471918485925455,HDW
0.24639310095423528,Florence,rmse,CorrDiff-style,,,0.8986657929536354,HDW
-0.08427899068564405,Florence,rmse,Ours (latent) mean,,,0.617115431207872,HDW
-0.17098546053430363,Florence,rmse,Ours (latent),,,0.7981993472149504,HDW
,Michael,crps,R2-D2-style,0.9131142497062683,0.8665317893028259,0.14294858635474386,T2
,Michael,crps,CorrDiff-style,1.1193405389785767,0.7400505542755127,0.18698491921473967,T2
,Michael,crps,Ours (latent),0.8841488361358643,0.7385550737380981,0.1434862805739363,T2
0.04928453622580694,Michael,rmse,ERA5 interp,,,0.31627892619405384,T2
0.08026044581107782,Michael,rmse,DRN only,,,0.26899241637026905,T2
0.021001025733890632,Michael,rmse,R2-D2-style mean,,,0.27461501412985584,T2
-0.011831185284170287,Michael,rmse,R2-D2-style,,,0.3210943059247878,T2
-0.00043243700434409174,Michael,rmse,CorrDiff-style mean,,,0.3366366454434406,T2
-0.023353396489376867,Michael,rmse,CorrDiff-style,,,0.4005361687311008,T2
0.0018649131133250865,Michael,rmse,Ours (latent) mean,,,0.2659037959449766,T2
-0.0010037230026476091,Michael,rmse,Ours (latent),,,0.32112216266385285,T2
,Michael,crps,R2-D2-style,1.3869909048080444,1.0561648607254028,0.2691917666367236,TD2
,Michael,crps,CorrDiff-style,0.8816511034965515,0.926881730556488,0.14014746487082036,TD2
,Michael,crps,Ours (latent),0.8868647813796997,1.0162925720214844,0.1536154840480361,TD2
-0.08684347453356289,Michael,rmse,ERA5 interp,,,0.27787390089458447,TD2
0.044827816347953374,Michael,rmse,DRN only,,,0.2141148440451338,TD2
0.031315331165026106,Michael,rmse,R2-D2-style mean,,,0.45880372692263105,TD2
0.12347171210831862,Michael,rmse,R2-D2-style,,,0.5612369209511634,TD2
-0.11343342629083025,Michael,rmse,CorrDiff-style mean,,,0.29164200769265347,TD2
-0.08564038343390146,Michael,rmse,CorrDiff-style,,,0.4175564665530461,TD2
0.150744491361341,Michael,rmse,Ours (latent) mean,,,0.293366643979359,TD2
0.11266454541654607,Michael,rmse,Ours (latent),,,0.40711803104664723,TD2
,Michael,crps,R2-D2-style,0.8660921454429626,0.6086397171020508,0.2114111652104649,U10
,Michael,crps,CorrDiff-style,0.7012634873390198,0.628318727016449,0.1636583638886074,U10
,Michael,crps,Ours (latent),0.6441429853439331,0.5958294868469238,0.1501334401445864,U10
-0.03244042105378081,Michael,rmse,ERA5 interp,,,0.4339101675510552,U10
0.03866036475155864,Michael,rmse,DRN only,,,0.29594967907153363,U10
-0.1601374421548033,Michael,rmse,R2-D2-style mean,,,0.4131263831187271,U10
-0.18999906005642392,Michael,rmse,R2-D2-style,,,0.507103653429327,U10
0.03638016995976723,Michael,rmse,CorrDiff-style mean,,,0.33450303141754295,U10
0.015679540396591366,Michael,rmse,CorrDiff-style,,,0.4430202564948509,U10
-0.0027536898578268527,Michael,rmse,Ours (latent) mean,,,0.3072565236235172,U10
0.009176190276764197,Michael,rmse,Ours (latent),,,0.40700398415526934,U10
,Michael,crps,R2-D2-style,1.0817137956619263,0.7001081705093384,0.31832869642806955,V10
,Michael,crps,CorrDiff-style,0.8112037181854248,0.586709201335907,0.23990861138595418,V10
,Michael,crps,Ours (latent),0.8003414273262024,0.7176063656806946,0.22683928484744614,V10
0.24991684505476833,Michael,rmse,ERA5 interp,,,0.7185487005559522,V10
0.11709990905262332,Michael,rmse,DRN only,,,0.4342261818653375,V10
0.0014833728454548513,Michael,rmse,R2-D2-style mean,,,0.6265759130937776,V10
-0.05742030227728889,Michael,rmse,R2-D2-style,,,0.7148994810869023,V10
0.07154988889311636,Michael,rmse,CorrDiff-style mean,,,0.4698846519897354,V10
0.05740520163615512,Michael,rmse,CorrDiff-style,,,0.5709722710280161,V10
0.06429849110630499,Michael,rmse,Ours (latent) mean,,,0.46359273832393744,V10
0.06988268575592559,Michael,rmse,Ours (latent),,,0.73263687801154,V10
,Michael,crps,R2-D2-style,118.5697250366211,50.60614013671875,0.02884003871656151,PSFC
,Michael,crps,CorrDiff-style,204.83824157714844,76.89671325683594,0.05372825096451379,PSFC
,Michael,crps,Ours (latent),201.83319091796875,108.04226684570312,0.05309701296480018,PSFC
0.001409884288818312,Michael,rmse,ERA5 interp,,,0.22798369269823152,PSFC
-0.035708326126532096,Michael,rmse,DRN only,,,0.10629191920410226,PSFC
-0.004621419934608864,Michael,rmse,R2-D2-style mean,,,0.06231572535363795,PSFC
-0.0008512593517267902,Michael,rmse,R2-D2-style,,,0.06838275466782591,PSFC
-0.02574431928704249,Michael,rmse,CorrDiff-style mean,,,0.10765516745612148,PSFC
-0.02442963875384869,Michael,rmse,CorrDiff-style,,,0.11681071073516558,PSFC
-0.028518270812942576,Michael,rmse,Ours (latent) mean,,,0.10607582743915364,PSFC
-0.030024433462020713,Michael,rmse,Ours (latent),,,0.121056168910655,PSFC
,Michael,crps,R2-D2-style,20.536287307739258,20.962196350097656,0.38867756769741585,PREC
,Michael,crps,CorrDiff-style,17.56699562072754,15.325660705566406,0.34014730125118386,PREC
,Michael,crps,Ours (latent),22.848913192749023,39.1812629699707,0.3275693844160152,PREC
0.05781401844865366,Michael,rmse,ERA5 interp,,,0.9251831107997949,PREC
-0.17093283268237303,Michael,rmse,DRN only,,,0.8584864424588003,PREC
0.146947278155914,Michael,rmse,R2-D2-style mean,,,1.0233132968402725,PREC
0.11476583724867856,Michael,rmse,R2-D2-style,,,1.4555988684268177,PREC
-0.028327851374810094,Michael,rmse,CorrDiff-style mean,,,0.8753549234505854,PREC
-0.043943030835986996,Michael,rmse,CorrDiff-style,,,1.1411918394812213,PREC
0.2746861110464296,Michael,rmse,Ours (latent) mean,,,1.138550329867934,PREC
0.39528452564644184,Michael,rmse,Ours (latent),,,3.5390579505941804,PREC
,Michael,crps,R2-D2-style,1.1649041175842285,0.6883962750434875,0.4189281616325128,WS
,Michael,crps,CorrDiff-style,0.827665388584137,0.6248964071273804,0.2786813680500854,WS
,Michael,crps,Ours (latent),0.7963070869445801,0.6301754117012024,0.26502200510200397,WS
0.4188287151124183,Michael,rmse,ERA5 interp,,,0.8491289898048247,WS
-0.06251285236869004,Michael,rmse,DRN only,,,0.5341719842652078,WS
0.24507394452995962,Michael,rmse,R2-D2-style mean,,,0.7846458105995456,WS
0.2351191953062206,Michael,rmse,R2-D2-style,,,0.8948717392822988,WS
-0.032514116527875135,Michael,rmse,CorrDiff-style mean,,,0.5574915307858643,WS
-0.005146915722587167,Michael,rmse,CorrDiff-style,,,0.6894577856146614,WS
0.03907276658853872,Michael,rmse,Ours (latent) mean,,,0.5363694833679007,WS
0.14321572587930076,Michael,rmse,Ours (latent),,,0.7435698610799965,WS
,Michael,crps,R2-D2-style,7.77082633972168,5.982957363128662,0.7783511783702531,RH
,Michael,crps,CorrDiff-style,6.6233367919921875,5.9928436279296875,0.611623562664883,RH
,Michael,crps,Ours (latent),5.815107345581055,5.989670276641846,0.5028982285983152,RH
-0.389657548120352,Michael,rmse,ERA5 interp,,,1.178607587853967,RH
-0.13416366421385473,Michael,rmse,DRN only,,,0.8824732853847653,RH
-0.03072055528185048,Michael,rmse,R2-D2-style mean,,,1.3272993513529099,RH
0.3046029338450989,Michael,rmse,R2-D2-style,,,1.6408832142845218,RH
-0.30019436363380175,Michael,rmse,CorrDiff-style mean,,,1.1313019032307905,RH
-0.16933820624291365,Michael,rmse,CorrDiff-style,,,1.488815009785375,RH
0.3763413098385513,Michael,rmse,Ours (latent) mean,,,0.9932519233358286,RH
0.31158716427905253,Michael,rmse,Ours (latent),,,1.3124644639276848,RH
,Michael,crps,R2-D2-style,2.5610690116882324,2.110947370529175,0.6652936010502525,VPD
,Michael,crps,CorrDiff-style,2.202638864517212,1.9230341911315918,0.5415018414912268,VPD
,Michael,crps,Ours (latent),2.0034351348876953,1.837486982345581,0.4542231628564527,VPD
0.2609441079234804,Michael,rmse,ERA5 interp,,,1.038553764300472,VPD
0.07646844335716296,Michael,rmse,DRN only,,,0.8170610509890734,VPD
0.016207270557959435,Michael,rmse,R2-D2-style mean,,,1.1951976249820169,VPD
-0.3093325012937337,Michael,rmse,R2-D2-style,,,1.4466957802641052,VPD
0.187221065622645,Michael,rmse,CorrDiff-style mean,,,1.027925732399019,VPD
0.06312928697054693,Michael,rmse,CorrDiff-style,,,1.315228516594005,VPD
-0.31960128635680923,Michael,rmse,Ours (latent) mean,,,0.9349614961936803,VPD
-0.21811068874920683,Michael,rmse,Ours (latent),,,1.1621531466907622,VPD
,Michael,crps,R2-D2-style,2.9182348251342773,2.1322262287139893,0.5570274681152636,FFWI
,Michael,crps,CorrDiff-style,2.531917095184326,1.90237295627594,0.46432304617598236,FFWI
,Michael,crps,Ours (latent),2.359992742538452,1.6231180429458618,0.4075919862555581,FFWI
0.5459569565943176,Michael,rmse,ERA5 interp,,,1.0589358728560916,FFWI
-0.057587801043103105,Michael,rmse,DRN only,,,0.7867449487863818,FFWI
0.11118501884681657,Michael,rmse,R2-D2-style mean,,,1.0636252225559772,FFWI
-0.07802664397708715,Michael,rmse,R2-D2-style,,,1.2626510293602267,FFWI
0.05780862449652535,Michael,rmse,CorrDiff-style mean,,,0.9228218581535151,FFWI
0.029538777095910514,Michael,rmse,CorrDiff-style,,,1.1363170947234909,FFWI
-0.2090531109434757,Michael,rmse,Ours (latent) mean,,,0.8601596363642368,FFWI
-0.09158130122241659,Michael,rmse,Ours (latent),,,1.0362626011500569,FFWI
,Michael,crps,R2-D2-style,10.724574089050293,8.982575416564941,0.570233548041551,HDW
,Michael,crps,CorrDiff-style,9.239192962646484,6.756743431091309,0.46100920159511244,HDW
,Michael,crps,Ours (latent),8.982858657836914,5.679154872894287,0.41277512395528543,HDW
0.4135193904641722,Michael,rmse,ERA5 interp,,,0.9764230804486571,HDW
-0.09300344998590038,Michael,rmse,DRN only,,,0.8179755831003971,HDW
0.057820719837813776,Michael,rmse,R2-D2-style mean,,,1.1241249208176605,HDW
-0.19021259802141363,Michael,rmse,R2-D2-style,,,1.3488065395890705,HDW
0.017683417511269957,Michael,rmse,CorrDiff-style mean,,,0.9684307247369477,HDW
-0.034503488871089005,Michael,rmse,CorrDiff-style,,,1.1656775934046721,HDW
-0.2631108060939588,Michael,rmse,Ours (latent) mean,,,0.941562358897496,HDW
-0.13717148887988564,Michael,rmse,Ours (latent),,,1.0823344388122564,HDW
,CampFire_wind,crps,R2-D2-style,1.7045705318450928,1.2417172193527222,0.09685684281252696,T2
,CampFire_wind,crps,CorrDiff-style,1.7167549133300781,0.9959500432014465,0.1036311896326317,T2
,CampFire_wind,crps,Ours (latent),1.5162070989608765,0.7260620594024658,0.09565177292167863,T2
0.03784405643072317,CampFire_wind,rmse,ERA5 interp,,,0.2300689123774952,T2
-0.055527545277764774,CampFire_wind,rmse,DRN only,,,0.1580474243273493,T2
0.0603760304958994,CampFire_wind,rmse,R2-D2-style mean,,,0.18555874110824358,T2
0.06068602666818377,CampFire_wind,rmse,R2-D2-style,,,0.23176755851644926,T2
-0.08142134205295329,CampFire_wind,rmse,CorrDiff-style mean,,,0.18688512710829322,T2
-0.08585284167137561,CampFire_wind,rmse,CorrDiff-style,,,0.21378935074904148,T2
-0.07147955925105506,CampFire_wind,rmse,Ours (latent) mean,,,0.16505358698065908,T2
-0.07526070018854121,CampFire_wind,rmse,Ours (latent),,,0.17965592760748464,T2
,CampFire_wind,crps,R2-D2-style,3.194854974746704,1.7509442567825317,0.2954685484414576,TD2
,CampFire_wind,crps,CorrDiff-style,2.6192307472229004,1.3390297889709473,0.227856589043495,TD2
,CampFire_wind,crps,Ours (latent),2.24312686920166,1.7608115673065186,0.18421421582251968,TD2
0.08844480218079899,CampFire_wind,rmse,ERA5 interp,,,0.5615086455389069,TD2
-0.0826405606080333,CampFire_wind,rmse,DRN only,,,0.33985730867145536,TD2
-0.07920149863753928,CampFire_wind,rmse,R2-D2-style mean,,,0.5155663792156179,TD2
-0.07581467067633024,CampFire_wind,rmse,R2-D2-style,,,0.5674736626323794,TD2
-0.17691657502029148,CampFire_wind,rmse,CorrDiff-style mean,,,0.4226756216948439,TD2
-0.16870375936355095,CampFire_wind,rmse,CorrDiff-style,,,0.4597753594215398,TD2
0.051505589890242884,CampFire_wind,rmse,Ours (latent) mean,,,0.3619822518445468,TD2
0.04060111884757338,CampFire_wind,rmse,Ours (latent),,,0.4335543773109738,TD2
,CampFire_wind,crps,R2-D2-style,1.4499067068099976,0.9077007174491882,0.2759617636558143,U10
,CampFire_wind,crps,CorrDiff-style,0.9178677201271057,0.8815242052078247,0.1698007626072591,U10
,CampFire_wind,crps,Ours (latent),0.9459471702575684,0.7601094841957092,0.18384739416588883,U10
0.13963746776976227,CampFire_wind,rmse,ERA5 interp,,,0.7451597099628672,U10
0.003380409018224836,CampFire_wind,rmse,DRN only,,,0.2975436561675997,U10
0.032003955099651184,CampFire_wind,rmse,R2-D2-style mean,,,0.5565707310773852,U10
0.029659537926408575,CampFire_wind,rmse,R2-D2-style,,,0.6697983144225171,U10
0.0657177841996994,CampFire_wind,rmse,CorrDiff-style mean,,,0.3523387440199084,U10
0.06703837966595412,CampFire_wind,rmse,CorrDiff-style,,,0.4849692896960343,U10
-0.046969102101018415,CampFire_wind,rmse,Ours (latent) mean,,,0.36311750655266944,U10
-0.05996159850630529,CampFire_wind,rmse,Ours (latent),,,0.4418226648458884,U10
,CampFire_wind,crps,R2-D2-style,1.4236335754394531,0.8809752464294434,0.3604213147623053,V10
,CampFire_wind,crps,CorrDiff-style,0.8328685760498047,0.8241483569145203,0.19923078369329672,V10
,CampFire_wind,crps,Ours (latent),0.8601433038711548,0.7361164689064026,0.2139360004233771,V10
0.33508582786935476,CampFire_wind,rmse,ERA5 interp,,,0.873941209075868,V10
0.031273316640809096,CampFire_wind,rmse,DRN only,,,0.3559907975830367,V10
0.12089207139335632,CampFire_wind,rmse,R2-D2-style mean,,,0.6929958943562718,V10
0.11137228118320901,CampFire_wind,rmse,R2-D2-style,,,0.7676838858590191,V10
0.08601516410737066,CampFire_wind,rmse,CorrDiff-style mean,,,0.4054234978004817,V10
0.07698129138604007,CampFire_wind,rmse,CorrDiff-style,,,0.5523946570924021,V10
-0.018927372939866526,CampFire_wind,rmse,Ours (latent) mean,,,0.41870028104440443,V10
-0.01629290805927558,CampFire_wind,rmse,Ours (latent),,,0.5449807994770921,V10
,CampFire_wind,crps,R2-D2-style,338.617431640625,59.847782135009766,0.01769125709192047,PSFC
,CampFire_wind,crps,CorrDiff-style,1031.8846435546875,86.97187805175781,0.0786911222354422,PSFC
,CampFire_wind,crps,Ours (latent),1035.3623046875,73.690673828125,0.08077763569494763,PSFC
-0.003923390252411158,CampFire_wind,rmse,ERA5 interp,,,0.2880789423681435,PSFC
-0.08136909134151271,CampFire_wind,rmse,DRN only,,,0.13525803495939004,PSFC
-0.016998326329085513,CampFire_wind,rmse,R2-D2-style mean,,,0.04421816398802806,PSFC
-0.01736298677450084,CampFire_wind,rmse,R2-D2-style,,,0.04512596647142764,PSFC
-0.08074958044651204,CampFire_wind,rmse,CorrDiff-style mean,,,0.1347480670571447,PSFC
-0.08086433597690287,CampFire_wind,rmse,CorrDiff-style,,,0.13520842817920162,PSFC
-0.07938704383122473,CampFire_wind,rmse,Ours (latent) mean,,,0.13520219545071394,PSFC
-0.07924931806617723,CampFire_wind,rmse,Ours (latent),,,0.1356593206549115,PSFC
,CampFire_wind,crps,R2-D2-style,0.42287588119506836,0.446564257144928,0.13540374877824776,PREC
,CampFire_wind,crps,CorrDiff-style,0.435043066740036,0.37531012296676636,0.14322143945675572,PREC
,CampFire_wind,crps,Ours (latent),0.4430719017982483,0.3863827884197235,0.1855523043817006,PREC
0.018576306718497294,CampFire_wind,rmse,ERA5 interp,,,0.754413571443108,PREC
-0.03237162527845503,CampFire_wind,rmse,DRN only,,,0.7593359501132212,PREC
-0.051136343849099875,CampFire_wind,rmse,R2-D2-style mean,,,0.7721136746247843,PREC
-0.07231676083540918,CampFire_wind,rmse,R2-D2-style,,,0.9153217007901163,PREC
-0.04073506755129455,CampFire_wind,rmse,CorrDiff-style mean,,,0.7943292957058857,PREC
-0.04292753533245972,CampFire_wind,rmse,CorrDiff-style,,,0.9398360825048563,PREC
-0.027029713950269284,CampFire_wind,rmse,Ours (latent) mean,,,0.8089888533099595,PREC
-0.06941634062120354,CampFire_wind,rmse,Ours (latent),,,0.9074699463370396,PREC
,CampFire_wind,crps,R2-D2-style,1.4471111297607422,0.9083642363548279,0.3209704878129002,WS
,CampFire_wind,crps,CorrDiff-style,0.9126818180084229,0.8639499545097351,0.19649429217170608,WS
,CampFire_wind,crps,Ours (latent),0.9261562824249268,0.7041584253311157,0.21031066995120348,WS
-0.4708936255638667,CampFire_wind,rmse,ERA5 interp,,,1.0201681176753474,WS
-0.07702854574091493,CampFire_wind,rmse,DRN only,,,0.3642942494669085,WS
-0.17150743517987588,CampFire_wind,rmse,R2-D2-style mean,,,0.6460669594620558,WS
-0.15933376045227063,CampFire_wind,rmse,R2-D2-style,,,0.748379703129276,WS
-0.03974765065069998,CampFire_wind,rmse,CorrDiff-style mean,,,0.4074694437700119,WS
-0.03925410927233771,CampFire_wind,rmse,CorrDiff-style,,,0.5533915347638021,WS
0.06524842281240896,CampFire_wind,rmse,Ours (latent) mean,,,0.4134851574750054,WS
0.06749208785053831,CampFire_wind,rmse,Ours (latent),,,0.5003732412079156,WS
,CampFire_wind,crps,R2-D2-style,12.956719398498535,7.075384140014648,0.3803967585206082,RH
,CampFire_wind,crps,CorrDiff-style,9.046133995056152,6.103548526763916,0.24224217356408714,RH
,CampFire_wind,crps,Ours (latent),9.371196746826172,5.852585792541504,0.2604584233011957,RH
0.0785635871343826,CampFire_wind,rmse,ERA5 interp,,,0.6519659526523744,RH
-0.027831184065276775,CampFire_wind,rmse,DRN only,,,0.4170096892736504,RH
-0.15640075377756,CampFire_wind,rmse,R2-D2-style mean,,,0.6732651193086345,RH
-0.15725034426149245,CampFire_wind,rmse,R2-D2-style,,,0.7454132991282012,RH
-0.07038406267016092,CampFire_wind,rmse,CorrDiff-style mean,,,0.47006084612507354,RH
-0.054210351006976014,CampFire_wind,rmse,CorrDiff-style,,,0.538372247221279,RH
0.19126297831633285,CampFire_wind,rmse,Ours (latent) mean,,,0.4869519591932933,RH
0.19275832545897734,CampFire_wind,rmse,Ours (latent),,,0.5822567914214417,RH
,CampFire_wind,crps,R2-D2-style,1.8774547576904297,0.9585363864898682,0.170680465865378,VPD
,CampFire_wind,crps,CorrDiff-style,1.232709527015686,0.6982834339141846,0.11237609591508048,VPD
,CampFire_wind,crps,Ours (latent),1.3022328615188599,0.4422161281108856,0.14051622102479197,VPD
-0.008463554980641112,CampFire_wind,rmse,ERA5 interp,,,0.31400906781432997,VPD
-0.039214543414451325,CampFire_wind,rmse,DRN only,,,0.2556983984521236,VPD
0.10090356912419028,CampFire_wind,rmse,R2-D2-style mean,,,0.4108111785320633,VPD
0.09609113796124216,CampFire_wind,rmse,R2-D2-style,,,0.4305864019512057,VPD
-0.03603500980986679,CampFire_wind,rmse,CorrDiff-style mean,,,0.2697326534802803,VPD
-0.04331920695647057,CampFire_wind,rmse,CorrDiff-style,,,0.30065567096275253,VPD
-0.11790040627163711,CampFire_wind,rmse,Ours (latent) mean,,,0.2849452506764238,VPD
-0.12534277669521218,CampFire_wind,rmse,Ours (latent),,,0.3052487639067017,VPD
,CampFire_wind,crps,R2-D2-style,6.307681083679199,3.6916539669036865,0.30053982797309214,FFWI
,CampFire_wind,crps,CorrDiff-style,4.0946946144104,3.664715051651001,0.1911907090892341,FFWI
,CampFire_wind,crps,Ours (latent),4.227310657501221,2.8829331398010254,0.20762192360453977,FFWI
-0.3950942586775916,CampFire_wind,rmse,ERA5 interp,,,0.9324128494988341,FFWI
-0.05201465435165978,CampFire_wind,rmse,DRN only,,,0.3748215162105476,FFWI
-0.09134231458058496,CampFire_wind,rmse,R2-D2-style mean,,,0.6393644831589893,FFWI
-0.07357920813566111,CampFire_wind,rmse,R2-D2-style,,,0.6985899744383084,FFWI
-0.024696399932062334,CampFire_wind,rmse,CorrDiff-style mean,,,0.41504988459393566,FFWI
-0.02530617020550564,CampFire_wind,rmse,CorrDiff-style,,,0.5421683328698144,FFWI
-0.009033843237993434,CampFire_wind,rmse,Ours (latent) mean,,,0.42849222366030704,FFWI
-0.007609472574904225,CampFire_wind,rmse,Ours (latent),,,0.5085070949330276,FFWI
,CampFire_wind,crps,R2-D2-style,11.83277702331543,6.5994439125061035,0.2223497821485187,HDW
,CampFire_wind,crps,CorrDiff-style,7.9654974937438965,5.791234493255615,0.14416430937758076,HDW
,CampFire_wind,crps,Ours (latent),7.4148359298706055,4.587645053863525,0.14377922484740904,HDW
-0.22938061833749418,CampFire_wind,rmse,ERA5 interp,,,0.7454516027983711,HDW
-0.05863038933239675,CampFire_wind,rmse,DRN only,,,0.34897664385317095,HDW
-0.0027158936656952737,CampFire_wind,rmse,R2-D2-style mean,,,0.5888903338490892,HDW
0.005470432312381938,CampFire_wind,rmse,R2-D2-style,,,0.6244338234596144,HDW
-0.05243498272376052,CampFire_wind,rmse,CorrDiff-style mean,,,0.39642464901705793,HDW
-0.055745453121588656,CampFire_wind,rmse,CorrDiff-style,,,0.47015994760173524,HDW
-0.028749382991447314,CampFire_wind,rmse,Ours (latent) mean,,,0.3690194784853864,HDW
-0.038955386721975946,CampFire_wind,rmse,Ours (latent),,,0.43208938080818626,HDW
,PolarVortex,crps,R2-D2-style,3.0129175186157227,1.5227242708206177,0.14395688976708484,T2
,PolarVortex,crps,CorrDiff-style,2.077533006668091,1.129297137260437,0.09539194628866791,T2
,PolarVortex,crps,Ours (latent),2.15598464012146,0.9005829691886902,0.10331737242842318,T2
0.2665316175957481,PolarVortex,rmse,ERA5 interp,,,0.3446635039083639,T2
0.03378591530951349,PolarVortex,rmse,DRN only,,,0.1663531328452455,T2
0.12279663028678178,PolarVortex,rmse,R2-D2-style mean,,,0.24333580165478694,T2
0.12640531804915003,PolarVortex,rmse,R2-D2-style,,,0.27539718306344313,T2
-0.0017478406451611785,PolarVortex,rmse,CorrDiff-style mean,,,0.1677902420223332,T2
5.9020615333359726e-05,PolarVortex,rmse,CorrDiff-style,,,0.1838523098574756,T2
0.012252089616782697,PolarVortex,rmse,Ours (latent) mean,,,0.1741263235776869,T2
0.014350773417872444,PolarVortex,rmse,Ours (latent),,,0.18771280414924477,T2
,PolarVortex,crps,R2-D2-style,4.537771224975586,1.6075270175933838,0.26919057031441884,TD2
,PolarVortex,crps,CorrDiff-style,2.610637664794922,1.2175021171569824,0.14360841485057474,TD2
,PolarVortex,crps,Ours (latent),3.1263318061828613,1.889441967010498,0.17051519142408172,TD2
0.3075634913892841,PolarVortex,rmse,ERA5 interp,,,0.46735206491190595,TD2
0.04123297319394628,PolarVortex,rmse,DRN only,,,0.22841469595825425,TD2
0.22707957381301644,PolarVortex,rmse,R2-D2-style mean,,,0.4228136786173946,TD2
0.22361394327814652,PolarVortex,rmse,R2-D2-style,,,0.435413677266722,TD2
0.009897032342256541,PolarVortex,rmse,CorrDiff-style mean,,,0.24325010227790944,TD2
0.007056591912340989,PolarVortex,rmse,CorrDiff-style,,,0.2577419312415205,TD2
0.0998978931461538,PolarVortex,rmse,Ours (latent) mean,,,0.2913006817697935,TD2
0.11022155296787212,PolarVortex,rmse,Ours (latent),,,0.33333881303598156,TD2
,PolarVortex,crps,R2-D2-style,1.2366896867752075,0.7140107750892639,0.24724685981124342,U10
,PolarVortex,crps,CorrDiff-style,0.9592955112457275,0.8049544095993042,0.17531435059288927,U10
,PolarVortex,crps,Ours (latent),0.9874213933944702,0.754194438457489,0.18134455238618422,U10
0.11957685202243257,PolarVortex,rmse,ERA5 interp,,,0.47826403662591493,U10
0.026930610080791874,PolarVortex,rmse,DRN only,,,0.34421326737139957,U10
-0.031317858175403585,PolarVortex,rmse,R2-D2-style mean,,,0.46819991636212616,U10
-0.031437276378582964,PolarVortex,rmse,R2-D2-style,,,0.529098641692406,U10
0.06723115085660221,PolarVortex,rmse,CorrDiff-style mean,,,0.36318090377465323,U10
0.07025939633060266,PolarVortex,rmse,CorrDiff-style,,,0.46172542785430043,U10
-0.0023863160411209316,PolarVortex,rmse,Ours (latent) mean,,,0.3738291171546731,U10
-0.013905545425267358,PolarVortex,rmse,Ours (latent),,,0.449247263648765,U10
,PolarVortex,crps,R2-D2-style,1.1712820529937744,0.6586642861366272,0.2744397732783477,V10
,PolarVortex,crps,CorrDiff-style,0.9628493785858154,0.6401454210281372,0.20674564601358386,V10
,PolarVortex,crps,Ours (latent),0.9404587149620056,0.6692624092102051,0.20167910244830392,V10
-0.15685039724536057,PolarVortex,rmse,ERA5 interp,,,0.5078361901492111,V10
0.01871557629573884,PolarVortex,rmse,DRN only,,,0.4006787789356196,V10
-0.1291133711647889,PolarVortex,rmse,R2-D2-style mean,,,0.5290695639503483,V10
-0.125511963669224,PolarVortex,rmse,R2-D2-style,,,0.6020099894772223,V10
0.09998248222968732,PolarVortex,rmse,CorrDiff-style mean,,,0.4349202650003969,V10
0.10352313013383883,PolarVortex,rmse,CorrDiff-style,,,0.5155286626961336,V10
-0.006066414763292424,PolarVortex,rmse,Ours (latent) mean,,,0.4248063743198991,V10
-0.001573316870638596,PolarVortex,rmse,Ours (latent),,,0.49452645400051326,V10
,PolarVortex,crps,R2-D2-style,167.28732299804688,51.4036979675293,0.04462154294763436,PSFC
,PolarVortex,crps,CorrDiff-style,159.8871612548828,74.88020324707031,0.03639963421591365,PSFC
,PolarVortex,crps,Ours (latent),180.59617614746094,67.72235870361328,0.0457167094164414,PSFC
-0.017918358418971405,PolarVortex,rmse,ERA5 interp,,,0.21669788655065542,PSFC
-0.004643134280747217,PolarVortex,rmse,DRN only,,,0.07652165088044907,PSFC
-0.0003768928791140117,PolarVortex,rmse,R2-D2-style mean,,,0.07444413160882744,PSFC
0.001345163999692482,PolarVortex,rmse,R2-D2-style,,,0.07748388748695316,PSFC
0.006734912710171303,PolarVortex,rmse,CorrDiff-style mean,,,0.07115100332593212,PSFC
0.009028767668165561,PolarVortex,rmse,CorrDiff-style,,,0.07897721204688615,PSFC
0.002142263928474696,PolarVortex,rmse,Ours (latent) mean,,,0.08036667252622323,PSFC
0.0011119408938348846,PolarVortex,rmse,Ours (latent),,,0.08305722481695314,PSFC
,PolarVortex,crps,R2-D2-style,1.0540461540222168,0.8909640312194824,0.2500706504753971,PREC
,PolarVortex,crps,CorrDiff-style,0.8900616765022278,0.47662630677223206,0.24893418410344284,PREC
,PolarVortex,crps,Ours (latent),0.8823558688163757,0.7751443386077881,0.21992711937201265,PREC
0.03847109368200353,PolarVortex,rmse,ERA5 interp,,,0.7242325967490033,PREC
-0.04231982903849392,PolarVortex,rmse,DRN only,,,0.7469214621708589,PREC
0.02802595959783284,PolarVortex,rmse,R2-D2-style mean,,,0.9316779872506713,PREC
0.028513245699698916,PolarVortex,rmse,R2-D2-style,,,1.1987677629836186,PREC
-0.00010560002435228635,PolarVortex,rmse,CorrDiff-style mean,,,0.7867310820576031,PREC
-0.00416064941787907,PolarVortex,rmse,CorrDiff-style,,,0.8734593612775545,PREC
-0.014030629246536124,PolarVortex,rmse,Ours (latent) mean,,,0.7799198704541082,PREC
-0.020986730960882292,PolarVortex,rmse,Ours (latent),,,1.054503707016219,PREC
,PolarVortex,crps,R2-D2-style,1.303481936454773,0.7346087694168091,0.3071372582609269,WS
,PolarVortex,crps,CorrDiff-style,1.0688530206680298,0.8107166886329651,0.23354585202545491,WS
,PolarVortex,crps,Ours (latent),1.0983896255493164,0.6917034387588501,0.2442693209526262,WS
0.0127826358666711,PolarVortex,rmse,ERA5 interp,,,0.6184013312378246,WS
-0.07597871253569136,PolarVortex,rmse,DRN only,,,0.49644712099534033,WS
-0.17203552484547127,PolarVortex,rmse,R2-D2-style mean,,,0.6161651514801455,WS
-0.16920519342788667,PolarVortex,rmse,R2-D2-style,,,0.6840165807406673,WS
-0.012996733856402806,PolarVortex,rmse,CorrDiff-style mean,,,0.5052543997511536,WS
-0.010558441278515757,PolarVortex,rmse,CorrDiff-style,,,0.6220312421636784,WS
-0.048626801755223326,PolarVortex,rmse,Ours (latent) mean,,,0.5192165622575142,WS
-0.047624626040170426,PolarVortex,rmse,Ours (latent),,,0.574785598242748,WS
,PolarVortex,crps,R2-D2-style,15.188884735107422,8.146450996398926,0.44734213752758606,RH
,PolarVortex,crps,CorrDiff-style,8.513915061950684,6.792138576507568,0.2277299424341145,RH
,PolarVortex,crps,Ours (latent),10.2860746383667,7.325255870819092,0.28986903469132774,RH
-0.11782211791081375,PolarVortex,rmse,ERA5 interp,,,0.7031115937459862,RH
-0.031388420849826605,PolarVortex,rmse,DRN only,,,0.3748188367721068,RH
0.09756300720449318,PolarVortex,rmse,R2-D2-style mean,,,0.743882019126353,RH
0.061379864784390656,PolarVortex,rmse,R2-D2-style,,,0.866153080884156,RH
-0.012086050343877348,PolarVortex,rmse,CorrDiff-style mean,,,0.4169725715486741,RH
-0.03716992153291064,PolarVortex,rmse,CorrDiff-style,,,0.5128444086360505,RH
0.21391004308683925,PolarVortex,rmse,Ours (latent) mean,,,0.5037648322649199,RH
0.23113149075793135,PolarVortex,rmse,Ours (latent),,,0.6032167303044103,RH
,PolarVortex,crps,R2-D2-style,0.43896999955177307,0.27141183614730835,0.19357052975456196,VPD
,PolarVortex,crps,CorrDiff-style,0.3004811406135559,0.21733559668064117,0.12498077863304939,VPD
,PolarVortex,crps,Ours (latent),0.2936922013759613,0.14521630108356476,0.13871206403715325,VPD
0.22930648737675224,PolarVortex,rmse,ERA5 interp,,,0.5420657619429711,VPD
0.05808168790066854,PolarVortex,rmse,DRN only,,,0.2831243755907576,VPD
-0.05133193307291138,PolarVortex,rmse,R2-D2-style mean,,,0.4200578500404846,VPD
-0.0653753696263161,PolarVortex,rmse,R2-D2-style,,,0.49903573759742725,VPD
0.03326398003669969,PolarVortex,rmse,CorrDiff-style mean,,,0.2875355081958312,VPD
0.02531473455520388,PolarVortex,rmse,CorrDiff-style,,,0.33897901574281286,VPD
-0.0397749471669074,PolarVortex,rmse,Ours (latent) mean,,,0.2810390569050565,VPD
-0.04832428821624118,PolarVortex,rmse,Ours (latent),,,0.2892719048865164,VPD
,PolarVortex,crps,R2-D2-style,4.81450080871582,2.8909084796905518,0.41868377692381864,FFWI
,PolarVortex,crps,CorrDiff-style,3.748614549636841,3.076388359069824,0.27870638895537103,FFWI
,PolarVortex,crps,Ours (latent),4.061520099639893,2.9094269275665283,0.3258989204541307,FFWI
0.20238056364119017,PolarVortex,rmse,ERA5 interp,,,0.8705417014497285,FFWI
-0.01075364098463373,PolarVortex,rmse,DRN only,,,0.5347269480019315,FFWI
-0.16926171678564939,PolarVortex,rmse,R2-D2-style mean,,,0.7757655571045997,FFWI
-0.13572828720583902,PolarVortex,rmse,R2-D2-style,,,0.8550583375815729,FFWI
0.03583680699751329,PolarVortex,rmse,CorrDiff-style mean,,,0.6040181879718283,FFWI
0.06372669118672444,PolarVortex,rmse,CorrDiff-style,,,0.7582285167452351,FFWI
-0.19899715294315606,PolarVortex,rmse,Ours (latent) mean,,,0.6544369869218248,FFWI
-0.1698453999344612,PolarVortex,rmse,Ours (latent),,,0.7748350293637553,FFWI
,PolarVortex,crps,R2-D2-style,1.8389441967010498,1.0965691804885864,0.27640131747771063,HDW
,PolarVortex,crps,CorrDiff-style,1.291793704032898,1.0560497045516968,0.17448982399577745,HDW
,PolarVortex,crps,Ours (latent),1.3801708221435547,0.8755061626434326,0.19691394026534412,HDW
0.24912507920311633,PolarVortex,rmse,ERA5 interp,,,0.7373969751402549,HDW
-0.008800417781236433,PolarVortex,rmse,DRN only,,,0.39092453904090346,HDW
-0.1417287129083141,PolarVortex,rmse,R2-D2-style mean,,,0.5862772011777397,HDW
-0.14335669039821078,PolarVortex,rmse,R2-D2-style,,,0.666503573109493,HDW
0.0010514200181211332,PolarVortex,rmse,CorrDiff-style mean,,,0.41183914044704,HDW
0.006094120884554389,PolarVortex,rmse,CorrDiff-style,,,0.5093494642160017,HDW
-0.08345543813765349,PolarVortex,rmse,Ours (latent) mean,,,0.44001481295902845,HDW
-0.07921062236927078,PolarVortex,rmse,Ours (latent),,,0.48105700131224816,HDW
,BombCyclone,crps,R2-D2-style,1.693528652191162,1.0242422819137573,0.1216767241318886,T2
,BombCyclone,crps,CorrDiff-style,1.118594765663147,0.9137862920761108,0.07863660176810146,T2
,BombCyclone,crps,Ours (latent),1.2370531558990479,0.7685157656669617,0.0857796572673792,T2
-0.006694758440764235,BombCyclone,rmse,ERA5 interp,,,0.31277867944651655,T2
-0.04248724019874436,BombCyclone,rmse,DRN only,,,0.14508064919348138,T2
-0.0809763576026006,BombCyclone,rmse,R2-D2-style mean,,,0.23708464392013778,T2
-0.06606896187106102,BombCyclone,rmse,R2-D2-style,,,0.2631712597033601,T2
-0.039909959106821255,BombCyclone,rmse,CorrDiff-style mean,,,0.15659707992837768,T2
-0.030551248680846358,BombCyclone,rmse,CorrDiff-style,,,0.18951335521859483,T2
-0.08213272189267348,BombCyclone,rmse,Ours (latent) mean,,,0.17318059933449703,T2
-0.08077927309485977,BombCyclone,rmse,Ours (latent),,,0.19164043935451272,T2
,BombCyclone,crps,R2-D2-style,1.4114640951156616,1.1340688467025757,0.10168355064244385,TD2
,BombCyclone,crps,CorrDiff-style,1.4020155668258667,1.0530997514724731,0.10161045014680996,TD2
,BombCyclone,crps,Ours (latent),1.1505321264266968,1.1496529579162598,0.07654155536794408,TD2
-0.011201662763110243,BombCyclone,rmse,ERA5 interp,,,0.2269789181944953,TD2
-0.04189404946265466,BombCyclone,rmse,DRN only,,,0.15325581154887288,TD2
-0.07057145953659598,BombCyclone,rmse,R2-D2-style mean,,,0.18777001351855657,TD2
-0.08011589128494924,BombCyclone,rmse,R2-D2-style,,,0.22206834740133963,TD2
-0.09350818912683294,BombCyclone,rmse,CorrDiff-style mean,,,0.1865130560863097,TD2
-0.09751085160562911,BombCyclone,rmse,CorrDiff-style,,,0.2239940328300915,TD2
0.0053614860345146615,BombCyclone,rmse,Ours (latent) mean,,,0.15305768930308608,TD2
0.0006672439108413102,BombCyclone,rmse,Ours (latent),,,0.20215683174919058,TD2
,BombCyclone,crps,R2-D2-style,1.2683850526809692,0.9518773555755615,0.17724278416820713,U10
,BombCyclone,crps,CorrDiff-style,1.0264945030212402,0.972238302230835,0.13294644721038093,U10
,BombCyclone,crps,Ours (latent),1.0002315044403076,0.8326043486595154,0.13288729329852045,U10
-0.011145850115143704,BombCyclone,rmse,ERA5 interp,,,0.4543691703299862,U10
0.04011035860317854,BombCyclone,rmse,DRN only,,,0.2465653070532389,U10
-0.03220914349295624,BombCyclone,rmse,R2-D2-style mean,,,0.3353205833174497,U10
-0.006048833661815605,BombCyclone,rmse,R2-D2-style,,,0.40315943659003195,U10
0.0570803497953281,BombCyclone,rmse,CorrDiff-style mean,,,0.27137243126422594,U10
0.0755891660288003,BombCyclone,rmse,CorrDiff-style,,,0.36453186911486335,U10
0.015065686093668533,BombCyclone,rmse,Ours (latent) mean,,,0.26442933146562025,U10
0.013001676069522896,BombCyclone,rmse,Ours (latent),,,0.3258621974168681,U10
,BombCyclone,crps,R2-D2-style,1.6429466009140015,1.0164270401000977,0.19923793243578874,V10
,BombCyclone,crps,CorrDiff-style,1.1225911378860474,0.951073408126831,0.1346357792014746,V10
,BombCyclone,crps,Ours (latent),1.0508261919021606,0.8993302583694458,0.1269744574215798,V10
0.305836306061368,BombCyclone,rmse,ERA5 interp,,,0.5111291907531648,V10
-0.01882266375200848,BombCyclone,rmse,DRN only,,,0.238231655272709,V10
0.180446345555475,BombCyclone,rmse,R2-D2-style mean,,,0.37965875535713617,V10
0.16756072100491026,BombCyclone,rmse,R2-D2-style,,,0.4471928573427723,V10
0.018564837628114533,BombCyclone,rmse,CorrDiff-style mean,,,0.25941290724096827,V10
0.012383018562902425,BombCyclone,rmse,CorrDiff-style,,,0.33941494684790924,V10
-0.03838475388853102,BombCyclone,rmse,Ours (latent) mean,,,0.2428291728363583,V10
-0.039416722964299274,BombCyclone,rmse,Ours (latent),,,0.29092847073114453,V10
,BombCyclone,crps,R2-D2-style,153.7911834716797,53.31779861450195,0.006769302907700762,PSFC
,BombCyclone,crps,CorrDiff-style,263.77197265625,77.97283172607422,0.012045388415086589,PSFC
,BombCyclone,crps,Ours (latent),238.82179260253906,77.86531829833984,0.014147294060992511,PSFC
0.0030240167246609316,BombCyclone,rmse,ERA5 interp,,,0.1715440907529293,PSFC
-0.005878457374138104,BombCyclone,rmse,DRN only,,,0.030084272482684988,PSFC
0.0022733328325718984,BombCyclone,rmse,R2-D2-style mean,,,0.019426881814441792,PSFC
0.0017604521950929542,BombCyclone,rmse,R2-D2-style,,,0.019583353379210636,PSFC
-0.007123283706680088,BombCyclone,rmse,CorrDiff-style mean,,,0.03331964045714469,PSFC
-0.007185749262465914,BombCyclone,rmse,CorrDiff-style,,,0.03479271560574632,PSFC
-0.0033782093064064775,BombCyclone,rmse,Ours (latent) mean,,,0.030167937035590994,PSFC
-0.0035925406939019207,BombCyclone,rmse,Ours (latent),,,0.03133656735013857,PSFC
,BombCyclone,crps,R2-D2-style,8.124760627746582,10.099617958068848,0.3099365246570625,PREC
,BombCyclone,crps,CorrDiff-style,9.047115325927734,10.59238052368164,0.32429697777706584,PREC
,BombCyclone,crps,Ours (latent),9.103625297546387,12.928386688232422,0.30254855850936774,PREC
0.027715937085950274,BombCyclone,rmse,ERA5 interp,,,0.6828797396682789,PREC
-0.14633498363555342,BombCyclone,rmse,DRN only,,,0.6329634093468117,PREC
-0.10954163779215753,BombCyclone,rmse,R2-D2-style mean,,,0.70342713348185,PREC
-0.04679018392467144,BombCyclone,rmse,R2-D2-style,,,1.1576606408700227,PREC
-0.008186000746244194,BombCyclone,rmse,CorrDiff-style mean,,,0.7832829410707357,PREC
0.03615768520467262,BombCyclone,rmse,CorrDiff-style,,,1.226878629301834,PREC
0.18472425418309174,BombCyclone,rmse,Ours (latent) mean,,,0.7881754725765993,PREC
0.21373257755535588,BombCyclone,rmse,Ours (latent),,,1.3719638417523048,PREC
,BombCyclone,crps,R2-D2-style,1.5968844890594482,1.0676451921463013,0.30700034006823584,WS
,BombCyclone,crps,CorrDiff-style,1.183868408203125,1.0314580202102661,0.22133606221980132,WS
,BombCyclone,crps,Ours (latent),1.1505050659179688,0.8468706607818604,0.2227533121220109,WS
-0.03448167896596159,BombCyclone,rmse,ERA5 interp,,,0.8819952722903706,WS
-0.08959336408499728,BombCyclone,rmse,DRN only,,,0.41734522105266475,WS
-0.08915548358061844,BombCyclone,rmse,R2-D2-style mean,,,0.5859828895021452,WS
-0.06958469112014208,BombCyclone,rmse,R2-D2-style,,,0.6976277637761975,WS
-0.03984688530479152,BombCyclone,rmse,CorrDiff-style mean,,,0.4344250541488893,WS
-0.02396536732662535,BombCyclone,rmse,CorrDiff-style,,,0.5712723355146285,WS
-0.05329421856002668,BombCyclone,rmse,Ours (latent) mean,,,0.42218224770318336,WS
-0.07045163765121422,BombCyclone,rmse,Ours (latent),,,0.4825507024941866,WS
,BombCyclone,crps,R2-D2-style,8.590601921081543,6.155239105224609,0.2530266474040431,RH
,BombCyclone,crps,CorrDiff-style,7.771000385284424,6.35142183303833,0.24494755040393712,RH
,BombCyclone,crps,Ours (latent),7.607483863830566,4.9814677238464355,0.23340418923057338,RH
-0.025312826181101363,BombCyclone,rmse,ERA5 interp,,,0.5835816116565742,RH
-0.013232823039479829,BombCyclone,rmse,DRN only,,,0.41789638653244293,RH
-0.006091392361817408,BombCyclone,rmse,R2-D2-style mean,,,0.5323440456166283,RH
-0.0603099954861352,BombCyclone,rmse,R2-D2-style,,,0.6065919800713874,RH
-0.12259039667285969,BombCyclone,rmse,CorrDiff-style mean,,,0.48155482253679677,RH
-0.1521135796649859,BombCyclone,rmse,CorrDiff-style,,,0.5775962789395881,RH
0.17757077542618435,BombCyclone,rmse,Ours (latent) mean,,,0.4714219997898494,RH
0.16660702746933168,BombCyclone,rmse,Ours (latent),,,0.5663593086021451,RH
,BombCyclone,crps,R2-D2-style,0.8526511788368225,0.729233980178833,0.19396904260558362,VPD
,BombCyclone,crps,CorrDiff-style,0.9134561419487,0.7749941945075989,0.19997027694742905,VPD
,BombCyclone,crps,Ours (latent),0.7409906387329102,0.5014860033988953,0.176299007381147,VPD
0.10517833474986613,BombCyclone,rmse,ERA5 interp,,,0.5078164195441371,VPD
0.03300597977241637,BombCyclone,rmse,DRN only,,,0.3303571242457059,VPD
0.015002708728127624,BombCyclone,rmse,R2-D2-style mean,,,0.39235178161134543,VPD
0.044639961595084314,BombCyclone,rmse,R2-D2-style,,,0.48571368074462923,VPD
0.14012451372625215,BombCyclone,rmse,CorrDiff-style mean,,,0.42033149500399286,VPD
0.15804009257728405,BombCyclone,rmse,CorrDiff-style,,,0.5299219010817249,VPD
-0.11323003322333491,BombCyclone,rmse,Ours (latent) mean,,,0.34097061551101765,VPD
-0.1001870588511504,BombCyclone,rmse,Ours (latent),,,0.41386389919274635,VPD
,BombCyclone,crps,R2-D2-style,4.763407230377197,3.696113109588623,0.24847409421297179,FFWI
,BombCyclone,crps,CorrDiff-style,4.477301120758057,4.236297607421875,0.2156398700977145,FFWI
,BombCyclone,crps,Ours (latent),4.052303791046143,3.025676727294922,0.2152465417684237,FFWI
0.025547323789679333,BombCyclone,rmse,ERA5 interp,,,0.70685943022367,FFWI
-0.019287226885090415,BombCyclone,rmse,DRN only,,,0.39395981300928407,FFWI
-0.06559623204436585,BombCyclone,rmse,R2-D2-style mean,,,0.5133677415217093,FFWI
-0.006241787512615028,BombCyclone,rmse,R2-D2-style,,,0.5969630196597614,FFWI
0.09240158016878006,BombCyclone,rmse,CorrDiff-style mean,,,0.4825331644580325,FFWI
0.13786199696242354,BombCyclone,rmse,CorrDiff-style,,,0.6363118349648547,FFWI
-0.12255879484456857,BombCyclone,rmse,Ours (latent) mean,,,0.4367298331964125,FFWI
-0.14134745253773923,BombCyclone,rmse,Ours (latent),,,0.5480368554618665,FFWI
,BombCyclone,crps,R2-D2-style,6.646877765655518,5.94155740737915,0.2003249075444036,HDW
,BombCyclone,crps,CorrDiff-style,7.070249080657959,6.783161640167236,0.19547999175363517,HDW
,BombCyclone,crps,Ours (latent),5.55411434173584,4.032841205596924,0.17519492559824484,HDW
0.18319209326836253,BombCyclone,rmse,ERA5 interp,,,0.7155919753604881,HDW
0.011520142437473247,BombCyclone,rmse,DRN only,,,0.3618676784397662,HDW
-0.012219455485831325,BombCyclone,rmse,R2-D2-style mean,,,0.4472078656923055,HDW
0.02564825710525517,BombCyclone,rmse,R2-D2-style,,,0.5399214336765961,HDW
0.13531648184102596,BombCyclone,rmse,CorrDiff-style mean,,,0.47569266545135663,HDW
0.17075061810841916,BombCyclone,rmse,CorrDiff-style,,,0.6387874045182662,HDW
-0.0939539073633968,BombCyclone,rmse,Ours (latent) mean,,,0.3736857676867105,HDW
-0.1081112016394687,BombCyclone,rmse,Ours (latent),,,0.4488144695598968,HDW
,Dorian,crps,R2-D2-style,1.2773914337158203,0.9346374869346619,0.16355330696114248,T2
,Dorian,crps,CorrDiff-style,1.0556564331054688,0.743333101272583,0.13392709808313683,T2
,Dorian,crps,Ours (latent),1.0184494256973267,0.6633322834968567,0.13434088695610588,T2
0.181225160280749,Dorian,rmse,ERA5 interp,,,0.32831775387865303,T2
0.039052676334674775,Dorian,rmse,DRN only,,,0.2107841030536119,T2
0.10905393427546811,Dorian,rmse,R2-D2-style mean,,,0.28854778672433135,T2
0.10145445314541478,Dorian,rmse,R2-D2-style,,,0.3380835644292958,T2
0.005307502368046952,Dorian,rmse,CorrDiff-style mean,,,0.2384604431139866,T2
0.0017812289490481603,Dorian,rmse,CorrDiff-style,,,0.27935408813120005,T2
-0.007118878037180438,Dorian,rmse,Ours (latent) mean,,,0.23005581524903754,T2
-0.0358281040533941,Dorian,rmse,Ours (latent),,,0.29100095303522544,T2
,Dorian,crps,R2-D2-style,1.931709885597229,1.4259846210479736,0.2626733318657635,TD2
,Dorian,crps,CorrDiff-style,1.3967134952545166,1.0733754634857178,0.20288219873393562,TD2
,Dorian,crps,Ours (latent),1.7307089567184448,1.2893539667129517,0.23279675105358524,TD2
0.01993874279130785,Dorian,rmse,ERA5 interp,,,0.3410098237005244,TD2
0.08289839308551258,Dorian,rmse,DRN only,,,0.31527869845585016,TD2
-0.10138943919309802,Dorian,rmse,R2-D2-style mean,,,0.5026992343901738,TD2
-0.13799306498811095,Dorian,rmse,R2-D2-style,,,0.631203719123022,TD2
-0.14379690442869386,Dorian,rmse,CorrDiff-style mean,,,0.36347425147114776,TD2
-0.15984344943101061,Dorian,rmse,CorrDiff-style,,,0.4512125071692936,TD2
0.27489975397937677,Dorian,rmse,Ours (latent) mean,,,0.4503916835449604,TD2
0.31350961088635676,Dorian,rmse,Ours (latent),,,0.5912357913969469,TD2
,Dorian,crps,R2-D2-style,1.1420788764953613,0.5851150155067444,0.45019981358490196,U10
,Dorian,crps,CorrDiff-style,0.700646698474884,0.6481300592422485,0.2304238592454356,U10
,Dorian,crps,Ours (latent),0.7157387733459473,0.67457115650177,0.2417401159032019,U10
-0.08807183586161628,Dorian,rmse,ERA5 interp,,,0.48042201144941593,U10
-0.03254078134958933,Dorian,rmse,DRN only,,,0.4007926573146696,U10
-0.5309874606203216,Dorian,rmse,R2-D2-style mean,,,0.7533072796715546,U10
-0.5602335897235493,Dorian,rmse,R2-D2-style,,,0.8633773433788436,U10
-0.004167898960685506,Dorian,rmse,CorrDiff-style mean,,,0.46214168679715933,U10
-0.013263369256322648,Dorian,rmse,CorrDiff-style,,,0.6071581337543268,U10
-0.14264202907188586,Dorian,rmse,Ours (latent) mean,,,0.4720963143624703,U10
-0.14981136951249793,Dorian,rmse,Ours (latent),,,0.5799277142197103,U10
,Dorian,crps,R2-D2-style,0.9621509313583374,0.660797655582428,0.3086108401801435,V10
,Dorian,crps,CorrDiff-style,0.7107226848602295,0.5684954524040222,0.2022468157732451,V10
,Dorian,crps,Ours (latent),0.8606922626495361,0.6761001944541931,0.25636960568649364,V10
-0.1499464136161263,Dorian,rmse,ERA5 interp,,,0.4786480304115013,V10
-0.06469561253137225,Dorian,rmse,DRN only,,,0.37157238438431844,V10
-0.1997116033887822,Dorian,rmse,R2-D2-style mean,,,0.5470200948431213,V10
-0.28004283860830337,Dorian,rmse,R2-D2-style,,,0.7142890449478372,V10
-0.0930680575201863,Dorian,rmse,CorrDiff-style mean,,,0.4040733920306376,V10
-0.12545503355850254,Dorian,rmse,CorrDiff-style,,,0.5005285780153431,V10
-0.14878566334304347,Dorian,rmse,Ours (latent) mean,,,0.4893369094187804,V10
-0.09911899315207154,Dorian,rmse,Ours (latent),,,0.6147338597154354,V10
,Dorian,crps,R2-D2-style,156.51307678222656,56.74870300292969,0.03749082278443342,PSFC
,Dorian,crps,CorrDiff-style,195.4569091796875,78.67451477050781,0.04056797999181007,PSFC
,Dorian,crps,Ours (latent),181.70877075195312,77.92154693603516,0.045883511039740206,PSFC
0.0026232893532544257,Dorian,rmse,ERA5 interp,,,0.2482057743769463,PSFC
-0.045644497956088645,Dorian,rmse,DRN only,,,0.08969668391154875,PSFC
-0.03217560049568124,Dorian,rmse,R2-D2-style mean,,,0.07631366986248536,PSFC
-0.02967953922119478,Dorian,rmse,R2-D2-style,,,0.08272420231508376,PSFC
-0.02711246705576771,Dorian,rmse,CorrDiff-style mean,,,0.09530215842753341,PSFC
-0.02613086024919767,Dorian,rmse,CorrDiff-style,,,0.10486254785395259,PSFC
-0.041287805515346596,Dorian,rmse,Ours (latent) mean,,,0.08859875115468492,PSFC
-0.03449436704219719,Dorian,rmse,Ours (latent),,,0.09277545931461711,PSFC
,Dorian,crps,R2-D2-style,14.85480785369873,20.161462783813477,0.08060065156113265,PREC
,Dorian,crps,CorrDiff-style,19.66170883178711,4.067136287689209,0.13126344735950027,PREC
,Dorian,crps,Ours (latent),21.18929672241211,10.482085227966309,0.13922278200604166,PREC
-0.07193593170874901,Dorian,rmse,ERA5 interp,,,0.5689056594452891,PREC
-0.13912979147162108,Dorian,rmse,DRN only,,,0.8631781787701412,PREC
0.00029716746649337397,Dorian,rmse,R2-D2-style mean,,,0.6165615815242681,PREC
-0.027951878976812394,Dorian,rmse,R2-D2-style,,,0.8543034954545173,PREC
-0.12646276277816806,Dorian,rmse,CorrDiff-style mean,,,0.8160761426326956,PREC
-0.12776283912599942,Dorian,rmse,CorrDiff-style,,,0.8461120951463077,PREC
-0.09375856478743652,Dorian,rmse,Ours (latent) mean,,,0.8794799924190498,PREC
-0.11702720710861327,Dorian,rmse,Ours (latent),,,0.9395495224618898,PREC
,Dorian,crps,R2-D2-style,0.9515018463134766,0.5986216068267822,0.343849252162036,WS
,Dorian,crps,CorrDiff-style,0.7270730137825012,0.5945132374763489,0.2310259308311688,WS
,Dorian,crps,Ours (latent),0.8113913536071777,0.5956434607505798,0.2577931623545955,WS
0.07935710640879846,Dorian,rmse,ERA5 interp,,,0.5721735680446701,WS
-0.15912406239234222,Dorian,rmse,DRN only,,,0.47770711134515464,WS
0.06510585303835524,Dorian,rmse,R2-D2-style mean,,,0.6385881605216632,WS
0.10099097750893704,Dorian,rmse,R2-D2-style,,,0.7507726557548393,WS
-0.09773736272809445,Dorian,rmse,CorrDiff-style mean,,,0.4879656516014196,WS
-0.10473963801227897,Dorian,rmse,CorrDiff-style,,,0.6056005801378628,WS
-0.035515307784609734,Dorian,rmse,Ours (latent) mean,,,0.5445548150754559,WS
-0.02501623517152998,Dorian,rmse,Ours (latent),,,0.6826899029033935,WS
,Dorian,crps,R2-D2-style,10.328664779663086,7.216207504272461,0.5299272185053123,RH
,Dorian,crps,CorrDiff-style,7.068848133087158,5.995395183563232,0.34830897367067487,RH
,Dorian,crps,Ours (latent),8.440142631530762,6.502386093139648,0.40700372814950775,RH
-0.26965560237021174,Dorian,rmse,ERA5 interp,,,0.6985940908912578,RH
0.04095415689059843,Dorian,rmse,DRN only,,,0.5223999454725549,RH
-0.3168140045116784,Dorian,rmse,R2-D2-style mean,,,0.9379820463017341,RH
-0.36155140887538095,Dorian,rmse,R2-D2-style,,,1.1862760067376383,RH
-0.21592983021057763,Dorian,rmse,CorrDiff-style mean,,,0.6419467354506946,RH
-0.23891750896528716,Dorian,rmse,CorrDiff-style,,,0.8191329148911975,RH
0.44745818184054204,Dorian,rmse,Ours (latent) mean,,,0.7664787681162369,RH
0.559455051189198,Dorian,rmse,Ours (latent),,,1.053700006729324,RH
,Dorian,crps,R2-D2-style,3.216001272201538,2.425344705581665,0.39523435994379785,VPD
,Dorian,crps,CorrDiff-style,2.3105885982513428,1.9261422157287598,0.262956877678371,VPD
,Dorian,crps,Ours (latent),2.604909896850586,1.9790436029434204,0.291752226828629,VPD
0.30729051486175835,Dorian,rmse,ERA5 interp,,,0.6322816366014667,VPD
0.009828877378997517,Dorian,rmse,DRN only,,,0.40353386113084055,VPD
0.32157050937698967,Dorian,rmse,R2-D2-style mean,,,0.7048725710981953,VPD
0.35011764348083824,Dorian,rmse,R2-D2-style,,,0.8844033788181744,VPD
0.18440705762644127,Dorian,rmse,CorrDiff-style mean,,,0.5064272020280267,VPD
0.19482550534493218,Dorian,rmse,CorrDiff-style,,,0.630696613698795,VPD
-0.2826049798104494,Dorian,rmse,Ours (latent) mean,,,0.5709355752882743,VPD
-0.35853934485441324,Dorian,rmse,Ours (latent),,,0.7737206317182669,VPD
,Dorian,crps,R2-D2-style,3.126723527908325,2.0610859394073486,0.39026134691722797,FFWI
,Dorian,crps,CorrDiff-style,2.2449793815612793,2.0843076705932617,0.25912355206793003,FFWI
,Dorian,crps,Ours (latent),2.8157236576080322,1.8904469013214111,0.3187901338468731,FFWI
0.16083434369862007,Dorian,rmse,ERA5 interp,,,0.6678159426580329,FFWI
-0.1399500467502098,Dorian,rmse,DRN only,,,0.48066357763648415,FFWI
0.09387508788900031,Dorian,rmse,R2-D2-style mean,,,0.7618070419943286,FFWI
0.13474705278498342,Dorian,rmse,R2-D2-style,,,0.8970208126729317,FFWI
-0.00317110360411123,Dorian,rmse,CorrDiff-style mean,,,0.54697547984025,FFWI
0.00826079997811198,Dorian,rmse,CorrDiff-style,,,0.7104183493179396,FFWI
-0.22741621558445663,Dorian,rmse,Ours (latent) mean,,,0.6860338279127565,FFWI
-0.2784531489472838,Dorian,rmse,Ours (latent),,,0.8868654216673746,FFWI
,Dorian,crps,R2-D2-style,13.450901985168457,9.318418502807617,0.38449579967664094,HDW
,Dorian,crps,CorrDiff-style,9.03046989440918,8.6456937789917,0.24450933439314898,HDW
,Dorian,crps,Ours (latent),11.407986640930176,7.491252422332764,0.3054513604443218,HDW
0.23663476603333278,Dorian,rmse,ERA5 interp,,,0.6651961117747598,HDW
-0.10998128753497995,Dorian,rmse,DRN only,,,0.4727678523695593,HDW
0.1759014793437181,Dorian,rmse,R2-D2-style mean,,,0.802158195231603,HDW
0.22845569783242067,Dorian,rmse,R2-D2-style,,,0.960186389846699,HDW
0.04670974385841906,Dorian,rmse,CorrDiff-style mean,,,0.5385412398796742,HDW
0.061017070418062244,Dorian,rmse,CorrDiff-style,,,0.7127193007400586,HDW
-0.23053562682264825,Dorian,rmse,Ours (latent) mean,,,0.6803268647117557,HDW
-0.2804972742884975,Dorian,rmse,Ours (latent),,,0.8624922737573005,HDW
,IowaDerecho,crps,R2-D2-style,1.5423561334609985,0.8496732711791992,0.25466821376723303,T2
,IowaDerecho,crps,CorrDiff-style,1.122084617614746,0.7320820093154907,0.17299167302026913,T2
,IowaDerecho,crps,Ours (latent),1.1215966939926147,0.7040159702301025,0.17810133626429625,T2
-0.16764536015671913,IowaDerecho,rmse,ERA5 interp,,,0.4507073590216381,T2
0.06325648499091399,IowaDerecho,rmse,DRN only,,,0.3040984234825485,T2
-0.16610978632668125,IowaDerecho,rmse,R2-D2-style mean,,,0.4230793252663837,T2
-0.19419102519479695,IowaDerecho,rmse,R2-D2-style,,,0.5098182614633965,T2
0.04777999390865122,IowaDerecho,rmse,CorrDiff-style mean,,,0.3077958408003695,T2
0.03488059903451402,IowaDerecho,rmse,CorrDiff-style,,,0.3727658568979064,T2
0.00432309786532691,IowaDerecho,rmse,Ours (latent) mean,,,0.3076619998589978,T2
0.0021171061087745897,IowaDerecho,rmse,Ours (latent),,,0.3586677591069719,T2
,IowaDerecho,crps,R2-D2-style,2.3575494289398193,1.3053523302078247,0.19056819609286463,TD2
,IowaDerecho,crps,CorrDiff-style,1.8450151681900024,1.0878831148147583,0.14361239879095977,TD2
,IowaDerecho,crps,Ours (latent),1.8990991115570068,1.3627629280090332,0.14114788903835795,TD2
0.1292772067066723,IowaDerecho,rmse,ERA5 interp,,,0.3319834618680667,TD2
0.030103895335470744,IowaDerecho,rmse,DRN only,,,0.2589893503017014,TD2
0.06732285857364538,IowaDerecho,rmse,R2-D2-style mean,,,0.3348080883938841,TD2
0.10026868031165256,IowaDerecho,rmse,R2-D2-style,,,0.3918451407302118,TD2
-0.010174707169695306,IowaDerecho,rmse,CorrDiff-style mean,,,0.2620203818153684,TD2
-0.00041108233567889327,IowaDerecho,rmse,CorrDiff-style,,,0.30038772039302275,TD2
0.08002577184325817,IowaDerecho,rmse,Ours (latent) mean,,,0.26970112923437495,TD2
0.08302715972719057,IowaDerecho,rmse,Ours (latent),,,0.3027718402108473,TD2
,IowaDerecho,crps,R2-D2-style,0.698323130607605,0.5722397565841675,0.2189305934339379,U10
,IowaDerecho,crps,CorrDiff-style,0.6330907344818115,0.564124345779419,0.1972284211064176,U10
,IowaDerecho,crps,Ours (latent),0.7369211316108704,0.6164146661758423,0.2284616429148915,U10
0.1492487938678875,IowaDerecho,rmse,ERA5 interp,,,0.46940676988672764,U10
0.011123410554628545,IowaDerecho,rmse,DRN only,,,0.35470707276306535,U10
-0.07157634928902815,IowaDerecho,rmse,R2-D2-style mean,,,0.4117228246801236,U10
-0.06919675849996053,IowaDerecho,rmse,R2-D2-style,,,0.5411861355128603,U10
0.04479526749484587,IowaDerecho,rmse,CorrDiff-style mean,,,0.3732625972919863,U10
0.04081759075237918,IowaDerecho,rmse,CorrDiff-style,,,0.49518436251991593,U10
-0.040988917634405986,IowaDerecho,rmse,Ours (latent) mean,,,0.43447973663611666,U10
-0.04635438077768084,IowaDerecho,rmse,Ours (latent),,,0.5636664434201516,U10
,IowaDerecho,crps,R2-D2-style,0.7738112211227417,0.6218370795249939,0.23082372167385823,V10
,IowaDerecho,crps,CorrDiff-style,0.6204574704170227,0.513135552406311,0.18583246960706856,V10
,IowaDerecho,crps,Ours (latent),0.6654294729232788,0.6388545632362366,0.19602455223050996,V10
0.14019779275113675,IowaDerecho,rmse,ERA5 interp,,,0.46656449587372356,V10
0.0016080576001481813,IowaDerecho,rmse,DRN only,,,0.3438208229616308,V10
-0.05170700411451063,IowaDerecho,rmse,R2-D2-style mean,,,0.4389315552833946,V10
-0.08610630993960498,IowaDerecho,rmse,R2-D2-style,,,0.5666516506322827,V10
-0.03362980872610564,IowaDerecho,rmse,CorrDiff-style mean,,,0.35194418876764566,V10
-0.05422226735447407,IowaDerecho,rmse,CorrDiff-style,,,0.453973645710125,V10
-0.038744403134947675,IowaDerecho,rmse,Ours (latent) mean,,,0.3774538098036898,V10
-0.03637357512214108,IowaDerecho,rmse,Ours (latent),,,0.46092841151814135,V10
,IowaDerecho,crps,R2-D2-style,65.67652893066406,37.459617614746094,0.0076614889645521475,PSFC
,IowaDerecho,crps,CorrDiff-style,98.17462921142578,54.814205169677734,0.010291376321428887,PSFC
,IowaDerecho,crps,Ours (latent),92.24356079101562,78.03694915771484,0.011280201952375231,PSFC
0.005959717894989457,IowaDerecho,rmse,ERA5 interp,,,0.0946092169679457,PSFC
-0.0027327444188594806,IowaDerecho,rmse,DRN only,,,0.020109242322938894,PSFC
-0.0018471572391358367,IowaDerecho,rmse,R2-D2-style mean,,,0.015661937218125834,PSFC
-0.0015743436255247407,IowaDerecho,rmse,R2-D2-style,,,0.017468400430039315,PSFC
0.0004343994730902741,IowaDerecho,rmse,CorrDiff-style mean,,,0.02341178658734251,PSFC
0.00026051713669140276,IowaDerecho,rmse,CorrDiff-style,,,0.026140766919552885,PSFC
-6.806960730424518e-05,IowaDerecho,rmse,Ours (latent) mean,,,0.02199739970135253,PSFC
-0.0008570303476744493,IowaDerecho,rmse,Ours (latent),,,0.028738625767519805,PSFC
,IowaDerecho,crps,R2-D2-style,9.826550483703613,10.092442512512207,0.31503483426178525,PREC
,IowaDerecho,crps,CorrDiff-style,9.148041725158691,5.459736347198486,0.3067326807794714,PREC
,IowaDerecho,crps,Ours (latent),9.324204444885254,9.420169830322266,0.2855664644515068,PREC
-0.028473006805242538,IowaDerecho,rmse,ERA5 interp,,,1.0828870523670382,PREC
-0.25430805601858053,IowaDerecho,rmse,DRN only,,,1.0032163502122546,PREC
-0.03729046867267127,IowaDerecho,rmse,R2-D2-style mean,,,1.081304535443132,PREC
-0.008568939219911505,IowaDerecho,rmse,R2-D2-style,,,1.5188864160021425,PREC
-0.19254903441281696,IowaDerecho,rmse,CorrDiff-style mean,,,1.0066420585984608,PREC
-0.18574396240409927,IowaDerecho,rmse,CorrDiff-style,,,1.2065863556818024,PREC
-0.04058478053701473,IowaDerecho,rmse,Ours (latent) mean,,,1.0260268415019052,PREC
-0.000929018595879065,IowaDerecho,rmse,Ours (latent),,,1.5339171785360333,PREC
,IowaDerecho,crps,R2-D2-style,0.7135897874832153,0.602812647819519,0.295588854530923,WS
,IowaDerecho,crps,CorrDiff-style,0.6142630577087402,0.5461292862892151,0.2549734619388494,WS
,IowaDerecho,crps,Ours (latent),0.6829866766929626,0.5892670750617981,0.28001684042325264,WS
0.2774784723146504,IowaDerecho,rmse,ERA5 interp,,,0.6838974407046433,WS
-0.07492414459638824,IowaDerecho,rmse,DRN only,,,0.4826424539283535,WS
-0.01907399516334478,IowaDerecho,rmse,R2-D2-style mean,,,0.5622577645209318,WS
-0.03913775499565252,IowaDerecho,rmse,R2-D2-style,,,0.7055071725136941,WS
0.007033350694041661,IowaDerecho,rmse,CorrDiff-style mean,,,0.48399539863542695,WS
-0.0032751502014952086,IowaDerecho,rmse,CorrDiff-style,,,0.6264165929406982,WS
0.015656956203628135,IowaDerecho,rmse,Ours (latent) mean,,,0.5381446998973457,WS
-0.021260131763232423,IowaDerecho,rmse,Ours (latent),,,0.6480429970411614,WS
,IowaDerecho,crps,R2-D2-style,10.643110275268555,6.088162422180176,0.3107490835232526,RH
,IowaDerecho,crps,CorrDiff-style,7.993142127990723,4.83434534072876,0.22490202220660302,RH
,IowaDerecho,crps,Ours (latent),8.082660675048828,5.317255020141602,0.22102323375077865,RH
0.20272612710991386,IowaDerecho,rmse,ERA5 interp,,,0.5170912732409152,RH
-0.044000446219161056,IowaDerecho,rmse,DRN only,,,0.3853933902437553,RH
0.12463141081235171,IowaDerecho,rmse,R2-D2-style mean,,,0.5260224909163033,RH
0.18106275716401635,IowaDerecho,rmse,R2-D2-style,,,0.6334111392742997,RH
-0.07144897547288767,IowaDerecho,rmse,CorrDiff-style mean,,,0.395051110405565,RH
-0.05538201017042207,IowaDerecho,rmse,CorrDiff-style,,,0.45924110597118256,RH
0.06406732300366062,IowaDerecho,rmse,Ours (latent) mean,,,0.3994754532798593,RH
0.05787530156440186,IowaDerecho,rmse,Ours (latent),,,0.4386134975663687,RH
,IowaDerecho,crps,R2-D2-style,4.460587978363037,2.4696707725524902,0.3559674871163319,VPD
,IowaDerecho,crps,CorrDiff-style,3.266437530517578,2.1616930961608887,0.24333983146384316,VPD
,IowaDerecho,crps,Ours (latent),3.273162364959717,2.14196515083313,0.24710099501505486,VPD
-0.256423340042915,IowaDerecho,rmse,ERA5 interp,,,0.6070558377353185,VPD
0.04848367878128495,IowaDerecho,rmse,DRN only,,,0.4237570041599662,VPD
-0.17425220552822768,IowaDerecho,rmse,R2-D2-style mean,,,0.5975910666165061,VPD
-0.2246978404448319,IowaDerecho,rmse,R2-D2-style,,,0.7111400839659141,VPD
0.07383805830851976,IowaDerecho,rmse,CorrDiff-style mean,,,0.4376090993758486,VPD
0.05625839775726339,IowaDerecho,rmse,CorrDiff-style,,,0.5292344005100892,VPD
-0.06564391861034043,IowaDerecho,rmse,Ours (latent) mean,,,0.43851003463518895,VPD
-0.0575082673570579,IowaDerecho,rmse,Ours (latent),,,0.48533027233823395,VPD
,IowaDerecho,crps,R2-D2-style,3.4647912979125977,2.376115560531616,0.2779352205383932,FFWI
,IowaDerecho,crps,CorrDiff-style,2.546147346496582,2.200549840927124,0.2044820423539845,FFWI
,IowaDerecho,crps,Ours (latent),2.7595627307891846,2.20426607131958,0.22202051004330625,FFWI
0.08664643709326564,IowaDerecho,rmse,ERA5 interp,,,0.5020000109037976,FFWI
-0.02343669073377106,IowaDerecho,rmse,DRN only,,,0.38910986848202783,FFWI
-0.06629050987974928,IowaDerecho,rmse,R2-D2-style mean,,,0.5281940585206818,FFWI
-0.10621332007916157,IowaDerecho,rmse,R2-D2-style,,,0.6447028079096148,FFWI
0.04886601867820531,IowaDerecho,rmse,CorrDiff-style mean,,,0.38815033429226176,FFWI
0.03347879075067195,IowaDerecho,rmse,CorrDiff-style,,,0.4957402133873193,FFWI
-0.006768624935713026,IowaDerecho,rmse,Ours (latent) mean,,,0.42068468579798535,FFWI
-0.024382454335804254,IowaDerecho,rmse,Ours (latent),,,0.5055444357012141,FFWI
,IowaDerecho,crps,R2-D2-style,19.442155838012695,11.822162628173828,0.28470480213764904,HDW
,IowaDerecho,crps,CorrDiff-style,14.008068084716797,11.033629417419434,0.19795082920443974,HDW
,IowaDerecho,crps,Ours (latent),14.473130226135254,10.535680770874023,0.21218580291654948,HDW
-0.023877903297345248,IowaDerecho,rmse,ERA5 interp,,,0.49661080940738656,HDW
-0.01769546378383349,IowaDerecho,rmse,DRN only,,,0.39058820506718017,HDW
-0.11696123347541054,IowaDerecho,rmse,R2-D2-style mean,,,0.5513581535732058,HDW
-0.1444725518726065,IowaDerecho,rmse,R2-D2-style,,,0.6497900214197624,HDW
0.044194436406023496,IowaDerecho,rmse,CorrDiff-style mean,,,0.3972534022804474,HDW
0.03345538022782838,IowaDerecho,rmse,CorrDiff-style,,,0.501864276596205,HDW
-0.025803290110668772,IowaDerecho,rmse,Ours (latent) mean,,,0.4104420530517752,HDW
-0.03003807619701854,IowaDerecho,rmse,Ours (latent),,,0.46070906986304333,HDW
,Laura,crps,R2-D2-style,1.5929648876190186,0.8534834384918213,0.3824869475193713,T2
,Laura,crps,CorrDiff-style,1.2092770338058472,0.7080159187316895,0.28269421858450794,T2
,Laura,crps,Ours (latent),1.2883557081222534,0.6908456683158875,0.32436211519953223,T2
-0.38314187612981043,Laura,rmse,ERA5 interp,,,0.773762073349385,T2
-0.18863529480627986,Laura,rmse,DRN only,,,0.5053380598275762,T2
-0.34838900104786563,Laura,rmse,R2-D2-style mean,,,0.6731263722319739,T2
-0.3165793630012661,Laura,rmse,R2-D2-style,,,0.6729490078019192,T2
-0.23835207841794756,Laura,rmse,CorrDiff-style mean,,,0.5109944789843048,T2
-0.22744144581075895,Laura,rmse,CorrDiff-style,,,0.5646800372883402,T2
-0.281843463725322,Laura,rmse,Ours (latent) mean,,,0.5444101189505305,T2
-0.30730974176524806,Laura,rmse,Ours (latent),,,0.7019402590659115,T2
,Laura,crps,R2-D2-style,1.5968035459518433,1.2964049577713013,0.19914089385476175,TD2
,Laura,crps,CorrDiff-style,1.247348666191101,1.0340970754623413,0.16183710315754413,TD2
,Laura,crps,Ours (latent),1.2486650943756104,1.1578744649887085,0.16016597862978904,TD2
-0.04108643633084061,Laura,rmse,ERA5 interp,,,0.32574746163026574,TD2
-0.013152458746309341,Laura,rmse,DRN only,,,0.2597703138090348,TD2
-0.1254917104484258,Laura,rmse,R2-D2-style mean,,,0.3938670232641893,TD2
-0.16466691185784776,Laura,rmse,R2-D2-style,,,0.4639275510634942,TD2
-0.09781655714414925,Laura,rmse,CorrDiff-style mean,,,0.30767060066389806,TD2
-0.11358306264877752,Laura,rmse,CorrDiff-style,,,0.3863973468542117,TD2
0.11626563755372281,Laura,rmse,Ours (latent) mean,,,0.3079953103952161,TD2
0.10868751138674666,Laura,rmse,Ours (latent),,,0.37721685035030306,TD2
,Laura,crps,R2-D2-style,0.734710693359375,0.6381250619888306,0.25369601080560633,U10
,Laura,crps,CorrDiff-style,0.5976718068122864,0.6297124624252319,0.20258135692143117,U10
,Laura,crps,Ours (latent),0.5714218616485596,0.6075858473777771,0.19294951225436072,U10
0.02766626484041986,Laura,rmse,ERA5 interp,,,0.5125513612077263,U10
0.05400569500120437,Laura,rmse,DRN only,,,0.36712564490700944,U10
-0.10087360616063885,Laura,rmse,R2-D2-style mean,,,0.5147563142672824,U10
-0.07744678901205074,Laura,rmse,R2-D2-style,,,0.6113835378872741,U10
-0.04087843596833019,Laura,rmse,CorrDiff-style mean,,,0.4187435125102689,U10
-0.02646187709240858,Laura,rmse,CorrDiff-style,,,0.5552965060514269,U10
-0.01765408273576878,Laura,rmse,Ours (latent) mean,,,0.40035215773031485,U10
-0.0035269157925712125,Laura,rmse,Ours (latent),,,0.5106594029053931,U10
,Laura,crps,R2-D2-style,0.9495588541030884,0.6854080557823181,0.2823222095137022,V10
,Laura,crps,CorrDiff-style,0.7209389209747314,0.5859302878379822,0.21700481422628587,V10
,Laura,crps,Ours (latent),0.7148820757865906,0.7025057077407837,0.21429808750347815,V10
0.007178262790447492,Laura,rmse,ERA5 interp,,,0.5004911097211268,V10
-0.055114418360518516,Laura,rmse,DRN only,,,0.3702599719562983,V10
-0.2587978993669183,Laura,rmse,R2-D2-style mean,,,0.5724207181901176,V10
-0.2648715554768579,Laura,rmse,R2-D2-style,,,0.6398834846857703,V10
-0.045267103431415386,Laura,rmse,CorrDiff-style mean,,,0.4346022083121578,V10
-0.05165370365286749,Laura,rmse,CorrDiff-style,,,0.5331865561552418,V10
-0.11075645269594372,Laura,rmse,Ours (latent) mean,,,0.4309509721011735,V10
-0.07705264676088922,Laura,rmse,Ours (latent),,,0.6866098366819438,V10
,Laura,crps,R2-D2-style,167.9022674560547,48.7171630859375,0.013755821856694968,PSFC
,Laura,crps,CorrDiff-style,196.75872802734375,59.53763198852539,0.017551500451855013,PSFC
,Laura,crps,Ours (latent),210.21534729003906,76.06243133544922,0.02081813324800452,PSFC
0.0036540976812672603,Laura,rmse,ERA5 interp,,,0.1329793454490802,PSFC
-0.014771477712984492,Laura,rmse,DRN only,,,0.04187521007762896,PSFC
-0.0013002745970077567,Laura,rmse,R2-D2-style mean,,,0.03338560415073588,PSFC
-0.0011228932193252195,Laura,rmse,R2-D2-style,,,0.03464272336725385,PSFC
-0.01270257260263439,Laura,rmse,CorrDiff-style mean,,,0.03912340855576885,PSFC
-0.010959618528638132,Laura,rmse,CorrDiff-style,,,0.03966584513489824,PSFC
-0.011511390879926958,Laura,rmse,Ours (latent) mean,,,0.04179911610110678,PSFC
-0.010554731369330404,Laura,rmse,Ours (latent),,,0.0453918197785891,PSFC
,Laura,crps,R2-D2-style,19.379554748535156,11.93114948272705,0.1658208260367814,PREC
,Laura,crps,CorrDiff-style,17.451740264892578,24.194974899291992,0.10950990764504102,PREC
,Laura,crps,Ours (latent),18.724430084228516,28.747621536254883,0.1274838656426264,PREC
-0.007295413486836372,Laura,rmse,ERA5 interp,,,0.5243327655411514,PREC
-0.06475582659275145,Laura,rmse,DRN only,,,0.5688509351066127,PREC
-0.11495475142050157,Laura,rmse,R2-D2-style mean,,,0.7732944410529806,PREC
-0.10070073155916606,Laura,rmse,R2-D2-style,,,0.9172567395100325,PREC
-0.0007999314593768554,Laura,rmse,CorrDiff-style mean,,,0.6963696487692512,PREC
-0.03547995551021878,Laura,rmse,CorrDiff-style,,,0.762457172991622,PREC
0.07363451320503071,Laura,rmse,Ours (latent) mean,,,0.7471532697165588,PREC
0.06414851208182662,Laura,rmse,Ours (latent),,,1.4162430169819358,PREC
,Laura,crps,R2-D2-style,0.8353321552276611,0.649238646030426,0.3350065721755135,WS
,Laura,crps,CorrDiff-style,0.6923649907112122,0.6184374094009399,0.28417013285024034,WS
,Laura,crps,Ours (latent),0.6675783395767212,0.5994467735290527,0.27265291448399626,WS
0.16657164960068793,Laura,rmse,ERA5 interp,,,0.7232880645148818,WS
-0.1445489382955051,Laura,rmse,DRN only,,,0.5418236019963076,WS
-0.05418514342351706,Laura,rmse,R2-D2-style mean,,,0.6946682947328516,WS
-0.09434207016143095,Laura,rmse,R2-D2-style,,,0.8275931839714459,WS
-0.01748174243545523,Laura,rmse,CorrDiff-style mean,,,0.5757757610791394,WS
-0.024099255315362812,Laura,rmse,CorrDiff-style,,,0.716405645042248,WS
-0.07893688877503749,Laura,rmse,Ours (latent) mean,,,0.5551630017498373,WS
-0.012669011921070844,Laura,rmse,Ours (latent),,,0.7046832413638521,WS
,Laura,crps,R2-D2-style,7.7030768394470215,6.339441299438477,0.24325389133564804,RH
,Laura,crps,CorrDiff-style,7.349393844604492,5.1234025955200195,0.240234103303372,RH
,Laura,crps,Ours (latent),8.109696388244629,5.1347432136535645,0.26964583426013605,RH
0.18668042689180145,Laura,rmse,ERA5 interp,,,0.528790493628658,RH
0.1030013078804475,Laura,rmse,DRN only,,,0.42675931280786034,RH
0.07693960094405596,Laura,rmse,R2-D2-style mean,,,0.47530335576725496,RH
0.024554438861267226,Laura,rmse,R2-D2-style,,,0.536686852723929,RH
0.05446924347830999,Laura,rmse,CorrDiff-style mean,,,0.4534800353161851,RH
0.03603545385205098,Laura,rmse,CorrDiff-style,,,0.529497570541161,RH
0.28075693360232384,Laura,rmse,Ours (latent) mean,,,0.5003930231939587,RH
0.28090601643836133,Laura,rmse,Ours (latent),,,0.6064241374026504,RH
,Laura,crps,R2-D2-style,3.9007914066314697,2.813544511795044,0.278699179990887,VPD
,Laura,crps,CorrDiff-style,3.5792012214660645,2.290393590927124,0.25706881119564967,VPD
,Laura,crps,Ours (latent),3.9492101669311523,2.2027719020843506,0.2994004750538345,VPD
-0.25697549636208505,Laura,rmse,ERA5 interp,,,0.6220619944163176,VPD
-0.14691744385180533,Laura,rmse,DRN only,,,0.4671384201793865,VPD
-0.16417908388671473,Laura,rmse,R2-D2-style mean,,,0.524921364967741,VPD
-0.10936450368539853,Laura,rmse,R2-D2-style,,,0.551771493163746,VPD
-0.11488901614627352,Laura,rmse,CorrDiff-style mean,,,0.4816456443869708,VPD
-0.09316553303929027,Laura,rmse,CorrDiff-style,,,0.5476925264523571,VPD
-0.30847368630777344,Laura,rmse,Ours (latent) mean,,,0.5314369765698757,VPD
-0.31470369067305326,Laura,rmse,Ours (latent),,,0.6329336778415818,VPD
,Laura,crps,R2-D2-style,2.9079339504241943,2.438413381576538,0.33330240377098197,FFWI
,Laura,crps,CorrDiff-style,2.7011046409606934,2.3656489849090576,0.2975189206546374,FFWI
,Laura,crps,Ours (latent),2.7014944553375244,1.9610402584075928,0.31487773600991653,FFWI
0.010068038010670648,Laura,rmse,ERA5 interp,,,0.6639748621924801,FFWI
-0.17602736660110843,Laura,rmse,DRN only,,,0.5362627100036981,FFWI
-0.057581169895930574,Laura,rmse,R2-D2-style mean,,,0.6318934974454875,FFWI
-0.06662657091868883,Laura,rmse,R2-D2-style,,,0.735348065337742,FFWI
-0.0325128470366837,Laura,rmse,CorrDiff-style mean,,,0.5869495276169907,FFWI
-0.035103874629687136,Laura,rmse,CorrDiff-style,,,0.7227775555201187,FFWI
-0.22778208304851713,Laura,rmse,Ours (latent) mean,,,0.5870342342073499,FFWI
-0.18462472286438625,Laura,rmse,Ours (latent),,,0.6885137656239622,FFWI
,Laura,crps,R2-D2-style,16.469303131103516,13.343101501464844,0.3068921279304066,HDW
,Laura,crps,CorrDiff-style,14.796285629272461,12.561325073242188,0.2653150583764093,HDW
,Laura,crps,Ours (latent),14.891046524047852,9.278733253479004,0.2870749930211426,HDW
-0.08748653495041682,Laura,rmse,ERA5 interp,,,0.6243896727588626,HDW
-0.17219136325965237,Laura,rmse,DRN only,,,0.49129926074397473,HDW
-0.10814512503367112,Laura,rmse,R2-D2-style mean,,,0.586758002038071,HDW
-0.088850317167663,Laura,rmse,R2-D2-style,,,0.6474212612283495,HDW
-0.05732873547589012,Laura,rmse,CorrDiff-style mean,,,0.5271527838369935,HDW
-0.048421144789477705,Laura,rmse,CorrDiff-style,,,0.6422592851421145,HDW
-0.24248947191454998,Laura,rmse,Ours (latent) mean,,,0.5305288655598892,HDW
-0.2254604652825289,Laura,rmse,Ours (latent),,,0.5942198072340376,HDW
,LaborDay_heat,crps,R2-D2-style,1.732372760772705,0.8218335509300232,0.16680023354059442,T2
,LaborDay_heat,crps,CorrDiff-style,1.458964467048645,0.8336840271949768,0.12275722596506222,T2
,LaborDay_heat,crps,Ours (latent),1.4426294565200806,0.6061462759971619,0.12987145801272776,T2
0.038870134014538475,LaborDay_heat,rmse,ERA5 interp,,,0.38271397294877796,T2
-0.032015602518168026,LaborDay_heat,rmse,DRN only,,,0.24660722954863243,T2
0.04962340395896609,LaborDay_heat,rmse,R2-D2-style mean,,,0.3070586359985179,T2
0.03351387452314851,LaborDay_heat,rmse,R2-D2-style,,,0.3362180157906979,T2
-0.04804012516802211,LaborDay_heat,rmse,CorrDiff-style mean,,,0.25859771601490766,T2
-0.057227762129709016,LaborDay_heat,rmse,CorrDiff-style,,,0.2941913369556692,T2
-0.06313597278210811,LaborDay_heat,rmse,Ours (latent) mean,,,0.25570237722553235,T2
-0.06695327269549389,LaborDay_heat,rmse,Ours (latent),,,0.2677784383341943,T2
,LaborDay_heat,crps,R2-D2-style,4.749782562255859,1.9319922924041748,0.46170987453637324,TD2
,LaborDay_heat,crps,CorrDiff-style,3.999122142791748,1.6374129056930542,0.3858769166835773,TD2
,LaborDay_heat,crps,Ours (latent),2.8205647468566895,1.819392442703247,0.24699886427743303,TD2
-0.2658277284068407,LaborDay_heat,rmse,ERA5 interp,,,0.6934379264295196,TD2
-0.26881584338071735,LaborDay_heat,rmse,DRN only,,,0.48402340429647894,TD2
-0.5175679857344285,LaborDay_heat,rmse,R2-D2-style mean,,,0.7801496904429585,TD2
-0.49899710864974794,LaborDay_heat,rmse,R2-D2-style,,,0.8105345963054909,TD2
-0.4445517780547009,LaborDay_heat,rmse,CorrDiff-style mean,,,0.6568540477063002,TD2
-0.44177223002074784,LaborDay_heat,rmse,CorrDiff-style,,,0.6846276766841193,TD2
-0.12913781771312108,LaborDay_heat,rmse,Ours (latent) mean,,,0.4632765153547326,TD2
-0.13477148448987997,LaborDay_heat,rmse,Ours (latent),,,0.5255057474172121,TD2
,LaborDay_heat,crps,R2-D2-style,1.0503594875335693,0.7940313220024109,0.26622172061351707,U10
,LaborDay_heat,crps,CorrDiff-style,0.9044916033744812,0.8933501839637756,0.22158252620588356,U10
,LaborDay_heat,crps,Ours (latent),0.7804005742073059,0.678214967250824,0.19703629304174472,U10
-0.045098249911480245,LaborDay_heat,rmse,ERA5 interp,,,0.6127567994110147,U10
-0.027924492296646404,LaborDay_heat,rmse,DRN only,,,0.3502626466278447,U10
-0.1678089819099189,LaborDay_heat,rmse,R2-D2-style mean,,,0.5153302649603653,U10
-0.17025808699769643,LaborDay_heat,rmse,R2-D2-style,,,0.652054307557932,U10
-0.14542645292006412,LaborDay_heat,rmse,CorrDiff-style mean,,,0.4437641618451132,U10
-0.15964070219707965,LaborDay_heat,rmse,CorrDiff-style,,,0.6383840731580843,U10
-0.07679451508543926,LaborDay_heat,rmse,Ours (latent) mean,,,0.3828822793097483,U10
-0.10886538083848768,LaborDay_heat,rmse,Ours (latent),,,0.49825908220891507,U10
,LaborDay_heat,crps,R2-D2-style,1.2559161186218262,0.746130108833313,0.4427044424999455,V10
,LaborDay_heat,crps,CorrDiff-style,0.8554524183273315,0.8367319107055664,0.27099925527854946,V10
,LaborDay_heat,crps,Ours (latent),0.8377829194068909,0.6273674964904785,0.28217527447498914,V10
0.172232137930203,LaborDay_heat,rmse,ERA5 interp,,,0.8040184662478729,V10
-0.04151231336945031,LaborDay_heat,rmse,DRN only,,,0.47636556610809466,V10
-0.11672106974336478,LaborDay_heat,rmse,R2-D2-style mean,,,0.8142309499000933,V10
-0.0968390608719362,LaborDay_heat,rmse,R2-D2-style,,,0.9108584808207949,V10
0.14317707514591857,LaborDay_heat,rmse,CorrDiff-style mean,,,0.5546037867029969,V10
0.15472234433304538,LaborDay_heat,rmse,CorrDiff-style,,,0.7705470394849211,V10
-0.1203423222356235,LaborDay_heat,rmse,Ours (latent) mean,,,0.5431483617132797,V10
-0.1063421907732753,LaborDay_heat,rmse,Ours (latent),,,0.6676087748528371,V10
,LaborDay_heat,crps,R2-D2-style,403.81732177734375,62.08161544799805,0.02761860940842147,PSFC
,LaborDay_heat,crps,CorrDiff-style,1041.2197265625,86.19799041748047,0.09330309526134793,PSFC
,LaborDay_heat,crps,Ours (latent),1022.013916015625,56.490116119384766,0.09475928644059034,PSFC
-0.0029575290167928193,LaborDay_heat,rmse,ERA5 interp,,,0.2771412068857508,PSFC
-0.09445751439409918,LaborDay_heat,rmse,DRN only,,,0.14427595020750975,PSFC
-0.02785329487885485,LaborDay_heat,rmse,R2-D2-style mean,,,0.05655997203932386,PSFC
-0.02702303705576077,LaborDay_heat,rmse,R2-D2-style,,,0.05644390520999778,PSFC
-0.09508278094515894,LaborDay_heat,rmse,CorrDiff-style mean,,,0.1458366331636434,PSFC
-0.0943834135414367,LaborDay_heat,rmse,CorrDiff-style,,,0.14543737079369093,PSFC
-0.0920940835991663,LaborDay_heat,rmse,Ours (latent) mean,,,0.14314660465584514,PSFC
-0.09191214839538656,LaborDay_heat,rmse,Ours (latent),,,0.14350767106251938,PSFC
,LaborDay_heat,crps,R2-D2-style,0.18145935237407684,0.24205633997917175,0.10406152762420817,PREC
,LaborDay_heat,crps,CorrDiff-style,0.26890140771865845,0.5215986371040344,0.1233707717884896,PREC
,LaborDay_heat,crps,Ours (latent),0.24682794511318207,0.5264121890068054,0.1342565642271859,PREC
-0.03610789182884184,LaborDay_heat,rmse,ERA5 interp,,,1.080686532015659,PREC
0.228290131531976,LaborDay_heat,rmse,DRN only,,,1.0925751806916695,PREC
0.030215724821688213,LaborDay_heat,rmse,R2-D2-style mean,,,1.1500435934117283,PREC
-0.013077729869778848,LaborDay_heat,rmse,R2-D2-style,,,1.321700773915274,PREC
0.1951003380378205,LaborDay_heat,rmse,CorrDiff-style mean,,,1.7042292786801396,PREC
0.17995390582236478,LaborDay_heat,rmse,CorrDiff-style,,,4.534797477626267,PREC
0.21794325981257856,LaborDay_heat,rmse,Ours (latent) mean,,,1.5643332417896871,PREC
0.15533897466331267,LaborDay_heat,rmse,Ours (latent),,,2.6672634632434633,PREC
,LaborDay_heat,crps,R2-D2-style,1.0430947542190552,0.7184674739837646,0.3728845454182619,WS
,LaborDay_heat,crps,CorrDiff-style,0.8480778336524963,0.8029091954231262,0.29078277055900087,WS
,LaborDay_heat,crps,Ours (latent),0.7755383849143982,0.6008586287498474,0.2777465038326972,WS
-0.46659843710263327,LaborDay_heat,rmse,ERA5 interp,,,0.9975962973628127,WS
-0.18849476708765478,LaborDay_heat,rmse,DRN only,,,0.5338694557500684,WS
-0.06736648458097615,LaborDay_heat,rmse,R2-D2-style mean,,,0.7215571612675097,WS
-0.05650576190999239,LaborDay_heat,rmse,R2-D2-style,,,0.8490819602484038,WS
0.04336957111526063,LaborDay_heat,rmse,CorrDiff-style mean,,,0.5866548860581124,WS
0.05402505981013149,LaborDay_heat,rmse,CorrDiff-style,,,0.8071582988557159,WS
-0.0001743333273522171,LaborDay_heat,rmse,Ours (latent) mean,,,0.5364759751780945,WS
-0.028089793103783813,LaborDay_heat,rmse,Ours (latent),,,0.669420216929442,WS
,LaborDay_heat,crps,R2-D2-style,8.883450508117676,3.4190425872802734,0.4387165794245716,RH
,LaborDay_heat,crps,CorrDiff-style,7.702136516571045,3.1074376106262207,0.3211012113046658,RH
,LaborDay_heat,crps,Ours (latent),6.469539165496826,2.8850257396698,0.25261397437374594,RH
-0.19454538582328337,LaborDay_heat,rmse,ERA5 interp,,,0.6555215286078477,RH
-0.23957020733405224,LaborDay_heat,rmse,DRN only,,,0.5758312804706891,RH
-0.4394896558701478,LaborDay_heat,rmse,R2-D2-style mean,,,0.756347675399483,RH
-0.42192199909562805,LaborDay_heat,rmse,R2-D2-style,,,0.7855845967380413,RH
-0.3449545698837641,LaborDay_heat,rmse,CorrDiff-style mean,,,0.6557691793965262,RH
-0.3387447060584071,LaborDay_heat,rmse,CorrDiff-style,,,0.6931805660874805,RH
-0.0798736924139854,LaborDay_heat,rmse,Ours (latent) mean,,,0.5508243563982287,RH
-0.07921130267643921,LaborDay_heat,rmse,Ours (latent),,,0.5881182510592755,RH
,LaborDay_heat,crps,R2-D2-style,5.1901397705078125,2.356100082397461,0.257759282638603,VPD
,LaborDay_heat,crps,CorrDiff-style,4.218984603881836,2.327202796936035,0.16986577744113038,VPD
,LaborDay_heat,crps,Ours (latent),3.998316526412964,1.1713000535964966,0.1803966481904786,VPD
0.10599430508940581,LaborDay_heat,rmse,ERA5 interp,,,0.5270734458323854,VPD
0.043491845295496774,LaborDay_heat,rmse,DRN only,,,0.352463234955506,VPD
0.19244310376763463,LaborDay_heat,rmse,R2-D2-style mean,,,0.46411538583554407,VPD
0.17278553948615752,LaborDay_heat,rmse,R2-D2-style,,,0.4868282113619517,VPD
0.07895275396287456,LaborDay_heat,rmse,CorrDiff-style mean,,,0.37727224195221526,VPD
0.06776864936324864,LaborDay_heat,rmse,CorrDiff-style,,,0.41713371659285403,VPD
-0.03615155110606405,LaborDay_heat,rmse,Ours (latent) mean,,,0.3575395460240606,VPD
-0.041980761650692595,LaborDay_heat,rmse,Ours (latent),,,0.37409914511954717,VPD
,LaborDay_heat,crps,R2-D2-style,5.25065279006958,3.847198963165283,0.3708083088394229,FFWI
,LaborDay_heat,crps,CorrDiff-style,4.537837982177734,4.280761241912842,0.3033759802733958,FFWI
,LaborDay_heat,crps,Ours (latent),3.9932003021240234,3.099538564682007,0.2802097910774469,FFWI
-0.43590401303961973,LaborDay_heat,rmse,ERA5 interp,,,1.0061905542426108,FFWI
-0.1519480413469833,LaborDay_heat,rmse,DRN only,,,0.5335355863159744,FFWI
0.005607608799816892,LaborDay_heat,rmse,R2-D2-style mean,,,0.7190739701945952,FFWI
0.020555553152057718,LaborDay_heat,rmse,R2-D2-style,,,0.8793176924940558,FFWI
0.09851997410099567,LaborDay_heat,rmse,CorrDiff-style mean,,,0.6214543799421811,FFWI
0.10662198391858596,LaborDay_heat,rmse,CorrDiff-style,,,0.8453392567129423,FFWI
0.006171903212756468,LaborDay_heat,rmse,Ours (latent) mean,,,0.5468665535190582,FFWI
-0.025043638450944372,LaborDay_heat,rmse,Ours (latent),,,0.6788397428906711,FFWI
,LaborDay_heat,crps,R2-D2-style,30.465686798095703,21.92900848388672,0.384929146360357,HDW
,LaborDay_heat,crps,CorrDiff-style,28.377058029174805,25.08460235595703,0.3279736047618964,HDW
,LaborDay_heat,crps,Ours (latent),25.290653228759766,17.61210060119629,0.30269393801378097,HDW
-0.38606675651303557,LaborDay_heat,rmse,ERA5 interp,,,0.9814384244267046,HDW
-0.1975785825267668,LaborDay_heat,rmse,DRN only,,,0.6691175169900416,HDW
0.04512392401100472,LaborDay_heat,rmse,R2-D2-style mean,,,0.776231903158755,HDW
0.05358865972427545,LaborDay_heat,rmse,R2-D2-style,,,0.9569319622723006,HDW
0.07928426321020571,LaborDay_heat,rmse,CorrDiff-style mean,,,0.7230159591022128,HDW
0.08380667542775677,LaborDay_heat,rmse,CorrDiff-style,,,0.9538610126047341,HDW
-0.031211337947922153,LaborDay_heat,rmse,Ours (latent) mean,,,0.6443777886246566,HDW
-0.07669436435637868,LaborDay_heat,rmse,Ours (latent),,,0.7972309648454213,HDW
,Sally,crps,R2-D2-style,1.1419999599456787,0.9233194589614868,0.17235958725563566,T2
,Sally,crps,CorrDiff-style,1.1254876852035522,0.7414195537567139,0.18255948287755194,T2
,Sally,crps,Ours (latent),1.0433694124221802,0.6116032600402832,0.17802840332822564,T2
-0.09126648311722353,Sally,rmse,ERA5 interp,,,0.30811689353723576,T2
-0.12949159772506968,Sally,rmse,DRN only,,,0.25408495336119474,T2
-0.06925735526117335,Sally,rmse,R2-D2-style mean,,,0.32093982621564987,T2
0.0003776480670589991,Sally,rmse,R2-D2-style,,,0.34754662255690927,T2
-0.19565247324398682,Sally,rmse,CorrDiff-style mean,,,0.3162993299178959,T2
-0.17613325901302876,Sally,rmse,CorrDiff-style,,,0.3507854387145937,T2
-0.19450364763813596,Sally,rmse,Ours (latent) mean,,,0.2932213744713506,T2
-0.22228124673985997,Sally,rmse,Ours (latent),,,0.3636109510285342,T2
,Sally,crps,R2-D2-style,1.4994176626205444,1.293733835220337,0.2089048908595048,TD2
,Sally,crps,CorrDiff-style,1.3165472745895386,1.051123857498169,0.18267719374143773,TD2
,Sally,crps,Ours (latent),1.0949023962020874,1.2295937538146973,0.13910898948066164,TD2
-0.10463448293148922,Sally,rmse,ERA5 interp,,,0.2800850508915892,TD2
-0.10520617197646773,Sally,rmse,DRN only,,,0.2562984820872932,TD2
-0.21774397589708977,Sally,rmse,R2-D2-style mean,,,0.389234613150581,TD2
-0.20647793563129183,Sally,rmse,R2-D2-style,,,0.4891401981199309,TD2
-0.21052936474559467,Sally,rmse,CorrDiff-style mean,,,0.3417631937346297,TD2
-0.2083065885971028,Sally,rmse,CorrDiff-style,,,0.4263056800342382,TD2
0.03768569681913255,Sally,rmse,Ours (latent) mean,,,0.2842262841418955,TD2
0.04944869637011187,Sally,rmse,Ours (latent),,,0.498716871572968,TD2
,Sally,crps,R2-D2-style,0.9471044540405273,0.6093975305557251,0.36342873550115246,U10
,Sally,crps,CorrDiff-style,0.7563511729240417,0.5600450038909912,0.2540183848378124,U10
,Sally,crps,Ours (latent),0.7342177629470825,0.575855016708374,0.23990126296698092,U10
-0.21957598820419164,Sally,rmse,ERA5 interp,,,0.7684093746753274,U10
-0.024690041399587886,Sally,rmse,DRN only,,,0.4971250721627614,U10
-0.387045346299828,Sally,rmse,R2-D2-style mean,,,0.6918992994954246,U10
-0.3698290031031838,Sally,rmse,R2-D2-style,,,0.8159886814303541,U10
-0.029810059534659157,Sally,rmse,CorrDiff-style mean,,,0.5525460729131931,U10
-0.02817443649907779,Sally,rmse,CorrDiff-style,,,0.6753324538090835,U10
-0.09468249604209733,Sally,rmse,Ours (latent) mean,,,0.5363766939252997,U10
-0.10715128284467021,Sally,rmse,Ours (latent),,,0.6897940932651602,U10
,Sally,crps,R2-D2-style,0.9369988441467285,0.6374731063842773,0.2870332387012173,V10
,Sally,crps,CorrDiff-style,0.6632388830184937,0.49737465381622314,0.20686260028972742,V10
,Sally,crps,Ours (latent),0.6448171734809875,0.6240586042404175,0.2086921055694346,V10
-0.05842835431794015,Sally,rmse,ERA5 interp,,,0.6190804597520249,V10
-0.05056460567901291,Sally,rmse,DRN only,,,0.3764428433639258,V10
-0.17220634528050355,Sally,rmse,R2-D2-style mean,,,0.6185265482864195,V10
-0.18719648087195534,Sally,rmse,R2-D2-style,,,0.7657822470863777,V10
-0.08481056172792048,Sally,rmse,CorrDiff-style mean,,,0.4378136211857797,V10
-0.08887381198030471,Sally,rmse,CorrDiff-style,,,0.5287123104718225,V10
-0.13062211481493227,Sally,rmse,Ours (latent) mean,,,0.4256531831180628,V10
-0.07707718570167142,Sally,rmse,Ours (latent),,,0.6451519526539866,V10
,Sally,crps,R2-D2-style,119.56787109375,52.379493713378906,0.027951520868612134,PSFC
,Sally,crps,CorrDiff-style,157.65155029296875,71.74299621582031,0.03354750985733704,PSFC
,Sally,crps,Ours (latent),157.4202117919922,75.92921447753906,0.04098372961638235,PSFC
0.006137928778948456,Sally,rmse,ERA5 interp,,,0.22513353766357652,PSFC
-0.036186455680738326,Sally,rmse,DRN only,,,0.08603492212988043,PSFC
0.0105081957766326,Sally,rmse,R2-D2-style mean,,,0.06514032369586845,PSFC
0.006202191046660356,Sally,rmse,R2-D2-style,,,0.06372509696065691,PSFC
-0.024483216357849218,Sally,rmse,CorrDiff-style mean,,,0.0858882317072238,PSFC
-0.024493092149649967,Sally,rmse,CorrDiff-style,,,0.09026324072678113,PSFC
-0.028013184298435388,Sally,rmse,Ours (latent) mean,,,0.08576219898037936,PSFC
-0.0257051606299199,Sally,rmse,Ours (latent),,,0.09328809267469627,PSFC
,Sally,crps,R2-D2-style,25.072097778320312,23.333019256591797,0.13085492734966558,PREC
,Sally,crps,CorrDiff-style,52.8220329284668,54.87689971923828,0.1361108487112685,PREC
,Sally,crps,Ours (latent),31.42725944519043,38.75537872314453,0.12914640453705015,PREC
0.006526583653096932,Sally,rmse,ERA5 interp,,,0.6643092353110245,PREC
-0.07182804378955678,Sally,rmse,DRN only,,,0.6744447468564516,PREC
-0.03138139536599777,Sally,rmse,R2-D2-style mean,,,0.8016323662132295,PREC
-0.05215434963160587,Sally,rmse,R2-D2-style,,,1.050516621415653,PREC
0.0048326188227121565,Sally,rmse,CorrDiff-style mean,,,1.6888834599733586,PREC
-0.004327567467776605,Sally,rmse,CorrDiff-style,,,2.5496004919199176,PREC
-0.014030048125079774,Sally,rmse,Ours (latent) mean,,,1.00482650376505,PREC
-0.012366366527662171,Sally,rmse,Ours (latent),,,2.7706688053287176,PREC
,Sally,crps,R2-D2-style,1.0258632898330688,0.6200583577156067,0.4110516894783403,WS
,Sally,crps,CorrDiff-style,0.749912440776825,0.5358284711837769,0.27454609654264694,WS
,Sally,crps,Ours (latent),0.7189331650733948,0.5678297877311707,0.2700054436948438,WS
0.31726604249228624,Sally,rmse,ERA5 interp,,,0.8948263771514058,WS
-0.03131295817390335,Sally,rmse,DRN only,,,0.5085475448981206,WS
0.38790052288239824,Sally,rmse,R2-D2-style mean,,,0.7736758021246143,WS
0.3845829707200242,Sally,rmse,R2-D2-style,,,0.9010099829541777,WS
0.06260674429288607,Sally,rmse,CorrDiff-style mean,,,0.565561819875285,WS
0.05336788723505254,Sally,rmse,CorrDiff-style,,,0.664074401058711,WS
0.13848187667671197,Sally,rmse,Ours (latent) mean,,,0.5421981648769751,WS
0.13654997186000847,Sally,rmse,Ours (latent),,,0.6503310719448779,WS
,Sally,crps,R2-D2-style,7.748880386352539,7.243763446807861,0.5121791637291977,RH
,Sally,crps,CorrDiff-style,6.255826950073242,6.148510456085205,0.4172047965056776,RH
,Sally,crps,Ours (latent),7.361497402191162,5.497413158416748,0.5077661021279947,RH
-0.050082645800302195,Sally,rmse,ERA5 interp,,,0.8623206174415505,RH
0.007560282725946252,Sally,rmse,DRN only,,,0.7223610575937247,RH
-0.31381811915851154,Sally,rmse,R2-D2-style mean,,,0.9797774519472487,RH
-0.42211632093614426,Sally,rmse,R2-D2-style,,,1.2820879982389959,RH
-0.06946576179861667,Sally,rmse,CorrDiff-style mean,,,0.7909940382820658,RH
-0.10449090741698823,Sally,rmse,CorrDiff-style,,,1.047690306837861,RH
0.4748612548987878,Sally,rmse,Ours (latent) mean,,,0.9307962967060576,RH
0.5300525003299471,Sally,rmse,Ours (latent),,,1.2388673067530303,RH
,Sally,crps,R2-D2-style,2.933351993560791,2.66825532913208,0.4756247533170058,VPD
,Sally,crps,CorrDiff-style,2.2110519409179688,2.1011502742767334,0.3798220596698967,VPD
,Sally,crps,Ours (latent),2.514371871948242,1.6563698053359985,0.46991006348749387,VPD
0.005914938748748774,Sally,rmse,ERA5 interp,,,0.8358795687264776,VPD
-0.03840953619439456,Sally,rmse,DRN only,,,0.6587613605364852,VPD
0.283178454020066,Sally,rmse,R2-D2-style mean,,,0.9932606750917848,VPD
0.3901229844652179,Sally,rmse,R2-D2-style,,,1.307783682516837,VPD
-0.0044163874928967,Sally,rmse,CorrDiff-style mean,,,0.7486830589442077,VPD
0.028135403927181158,Sally,rmse,CorrDiff-style,,,0.9797636186571742,VPD
-0.43541517297901994,Sally,rmse,Ours (latent) mean,,,0.851390050851512,VPD
-0.5041906945018866,Sally,rmse,Ours (latent),,,1.0996794261397713,VPD
,Sally,crps,R2-D2-style,3.2565431594848633,2.475428819656372,0.5264601073298515,FFWI
,Sally,crps,CorrDiff-style,2.3389639854431152,1.8335400819778442,0.3679208313638463,FFWI
,Sally,crps,Ours (latent),2.22314190864563,1.6200021505355835,0.3664716932798224,FFWI
0.25701771208517704,Sally,rmse,ERA5 interp,,,0.9960055769341141,FFWI
-0.011213986918017544,Sally,rmse,DRN only,,,0.66416081031036,FFWI
0.5386355813560305,Sally,rmse,R2-D2-style mean,,,1.0622345469728691,FFWI
0.643846435846671,Sally,rmse,R2-D2-style,,,1.3472971327223529,FFWI
0.11597768837511913,Sally,rmse,CorrDiff-style mean,,,0.7629342612047677,FFWI
0.13510932072488321,Sally,rmse,CorrDiff-style,,,0.9139560069860992,FFWI
-0.08043499397838565,Sally,rmse,Ours (latent) mean,,,0.7251548720638311,FFWI
-0.15940047452778583,Sally,rmse,Ours (latent),,,0.9074793691855415,FFWI
,Sally,crps,R2-D2-style,14.215681076049805,11.925000190734863,0.5402831968628841,HDW
,Sally,crps,CorrDiff-style,9.595702171325684,7.549981117248535,0.3827599281543961,HDW
,Sally,crps,Ours (latent),8.893924713134766,6.072067737579346,0.3854750410810418,HDW
0.18585719553643196,Sally,rmse,ERA5 interp,,,1.028167287531983,HDW
-0.03275511468547728,Sally,rmse,DRN only,,,0.7106480594724904,HDW
0.5788174722592624,Sally,rmse,R2-D2-style mean,,,1.241360489514799,HDW
0.7183974113197465,Sally,rmse,R2-D2-style,,,1.659170591004043,HDW
0.0882823406816738,Sally,rmse,CorrDiff-style mean,,,0.8379285861092948,HDW
0.1127982622710979,Sally,rmse,CorrDiff-style,,,0.9857039140331106,HDW
-0.1484354414717156,Sally,rmse,Ours (latent) mean,,,0.7766470474781254,HDW
-0.2510847377059174,Sally,rmse,Ours (latent),,,0.9648569300461394,HDW
