event,var,method,lag1,tend
Florence,T2,CONUS404 truth,0.6063530152550477,nan
Florence,T2,R2-D2-style,0.24150329335428494,1.1668730974197388
Florence,T2,CorrDiff-style,0.19807872356379086,0.959919810295105
Florence,T2,Ours (latent),0.10669245453494908,0.8828309178352356
Florence,TD2,CONUS404 truth,0.5887628491474093,nan
Florence,TD2,R2-D2-style,0.36824036608741856,1.5947661399841309
Florence,TD2,CorrDiff-style,0.09980334479759782,1.280822515487671
Florence,TD2,Ours (latent),0.21248520295472914,1.414499044418335
Florence,U10,CONUS404 truth,0.44080843920538065,nan
Florence,U10,R2-D2-style,0.2836176835104037,0.8584585189819336
Florence,U10,CorrDiff-style,0.1310341233441996,0.8770923614501953
Florence,U10,Ours (latent),0.11544822977335119,0.9098047018051147
Florence,V10,CONUS404 truth,0.4496926115529366,nan
Florence,V10,R2-D2-style,0.3078854288433741,0.7382814884185791
Florence,V10,CorrDiff-style,0.16187270957934524,0.7056565284729004
Florence,V10,Ours (latent),0.0611246614131278,0.7958219647407532
Florence,WS,CONUS404 truth,0.5234491677961215,nan
Florence,WS,R2-D2-style,0.3001295112501904,1.0353612899780273
Florence,WS,CorrDiff-style,0.12776687446674995,1.0255054235458374
Florence,WS,Ours (latent),0.0910399378550218,1.1020153760910034
Michael,T2,CONUS404 truth,0.48739139933367254,nan
Michael,T2,R2-D2-style,0.19305005410618914,0.4490429162979126
Michael,T2,CorrDiff-style,0.2848679384363177,0.3929286003112793
Michael,T2,Ours (latent),0.06582571386753079,0.38395339250564575
Michael,TD2,CONUS404 truth,0.34151962148683856,nan
Michael,TD2,R2-D2-style,0.40553100541485515,0.4554128348827362
Michael,TD2,CorrDiff-style,0.10912026739351917,0.35942763090133667
Michael,TD2,Ours (latent),-0.0009848980022598367,0.3916473090648651
Michael,U10,CONUS404 truth,0.28551853351312523,nan
Michael,U10,R2-D2-style,0.30027280967175124,0.4881785213947296
Michael,U10,CorrDiff-style,0.09570548380634675,0.4842326045036316
Michael,U10,Ours (latent),0.06254557058443286,0.4474356770515442
Michael,V10,CONUS404 truth,0.10538158348664294,nan
Michael,V10,R2-D2-style,0.20431691620493206,0.7361664772033691
Michael,V10,CorrDiff-style,0.10262701583468362,0.6063600778579712
Michael,V10,Ours (latent),0.08469491618416121,0.6447605490684509
Michael,WS,CONUS404 truth,0.534154760998422,nan
Michael,WS,R2-D2-style,0.29040883667977535,0.8205708861351013
Michael,WS,CorrDiff-style,0.05215404746990971,0.7127879858016968
Michael,WS,Ours (latent),0.03822386396986617,0.722216784954071
CampFire_wind,T2,CONUS404 truth,0.6479299699426196,nan
CampFire_wind,T2,R2-D2-style,0.410395328069065,0.9657744765281677
CampFire_wind,T2,CorrDiff-style,0.14526329697033577,0.7727659344673157
CampFire_wind,T2,Ours (latent),0.06191329691840518,0.699891209602356
CampFire_wind,TD2,CONUS404 truth,0.6032985246678553,nan
CampFire_wind,TD2,R2-D2-style,0.403961104130562,0.79365473985672
CampFire_wind,TD2,CorrDiff-style,0.3097057793658305,0.5917584300041199
CampFire_wind,TD2,Ours (latent),0.12203929345329069,0.7494051456451416
CampFire_wind,U10,CONUS404 truth,0.27199027961573224,nan
CampFire_wind,U10,R2-D2-style,0.28091799918590293,0.8722909688949585
CampFire_wind,U10,CorrDiff-style,0.12179306996273201,0.6748321652412415
CampFire_wind,U10,Ours (latent),0.14959796796045127,0.5873111486434937
CampFire_wind,V10,CONUS404 truth,0.22416131394727015,nan
CampFire_wind,V10,R2-D2-style,0.39700703554878275,0.7499284148216248
CampFire_wind,V10,CorrDiff-style,0.09840145758617612,0.608974814414978
CampFire_wind,V10,Ours (latent),0.0941500997417207,0.5811789035797119
CampFire_wind,WS,CONUS404 truth,0.22272152881319868,nan
CampFire_wind,WS,R2-D2-style,0.30000240783770865,0.8781135082244873
CampFire_wind,WS,CorrDiff-style,0.10498037248183116,0.6946887373924255
CampFire_wind,WS,Ours (latent),0.12124267314660186,0.6155192255973816
PolarVortex,T2,CONUS404 truth,0.33572364862412035,nan
PolarVortex,T2,R2-D2-style,0.31599789799233496,0.43260177969932556
PolarVortex,T2,CorrDiff-style,0.08379966221164933,0.3372204899787903
PolarVortex,T2,Ours (latent),0.05334371200194398,0.34470489621162415
PolarVortex,TD2,CONUS404 truth,0.3237253897994652,nan
PolarVortex,TD2,R2-D2-style,0.4548952264305288,0.4300312399864197
PolarVortex,TD2,CorrDiff-style,0.19113063664499974,0.3264915347099304
PolarVortex,TD2,Ours (latent),0.10951055688758235,0.39730632305145264
PolarVortex,U10,CONUS404 truth,0.3100141671478327,nan
PolarVortex,U10,R2-D2-style,0.1597679845137654,0.5233290791511536
PolarVortex,U10,CorrDiff-style,0.03990117581287872,0.4758511185646057
PolarVortex,U10,Ours (latent),0.09309960444042424,0.47556233406066895
PolarVortex,V10,CONUS404 truth,0.22412150746707651,nan
PolarVortex,V10,R2-D2-style,0.18999410726360014,0.6572549939155579
PolarVortex,V10,CorrDiff-style,0.052317793569830344,0.5811426043510437
PolarVortex,V10,Ours (latent),0.03861825042220613,0.5867305994033813
PolarVortex,WS,CONUS404 truth,0.5477831462217696,nan
PolarVortex,WS,R2-D2-style,0.2808513572547463,0.7158451676368713
PolarVortex,WS,CorrDiff-style,0.05007691928135038,0.6933492422103882
PolarVortex,WS,Ours (latent),0.06414112502379114,0.6593870520591736
BombCyclone,T2,CONUS404 truth,0.5650350064073428,nan
BombCyclone,T2,R2-D2-style,0.3322360030979031,0.6358491778373718
BombCyclone,T2,CorrDiff-style,0.02082073751355608,0.47748085856437683
BombCyclone,T2,Ours (latent),0.05987029268705006,0.3967702388763428
BombCyclone,TD2,CONUS404 truth,0.33051951912799377,nan
BombCyclone,TD2,R2-D2-style,0.27113744571651316,0.5048426389694214
BombCyclone,TD2,CorrDiff-style,0.11800857167632285,0.4209303855895996
BombCyclone,TD2,Ours (latent),0.06442106363804341,0.4387311041355133
BombCyclone,U10,CONUS404 truth,0.19223712213863725,nan
BombCyclone,U10,R2-D2-style,0.17904670768883083,0.475145161151886
BombCyclone,U10,CorrDiff-style,0.10834464782032122,0.4286002218723297
BombCyclone,U10,Ours (latent),0.030918435957494533,0.3707714080810547
BombCyclone,V10,CONUS404 truth,0.17813011997026168,nan
BombCyclone,V10,R2-D2-style,0.23976422978507772,0.4805106818675995
BombCyclone,V10,CorrDiff-style,0.09763701117662765,0.3944297134876251
BombCyclone,V10,Ours (latent),0.01925669837838599,0.3551900386810303
BombCyclone,WS,CONUS404 truth,0.21108368263879018,nan
BombCyclone,WS,R2-D2-style,0.21832855793347244,0.6065840125083923
BombCyclone,WS,CorrDiff-style,0.06152592831947744,0.5283989310264587
BombCyclone,WS,Ours (latent),0.02668504522486794,0.4544631540775299
Dorian,T2,CONUS404 truth,0.41992649354924866,nan
Dorian,T2,R2-D2-style,0.1454390345510548,0.9954972863197327
Dorian,T2,CorrDiff-style,0.16478450551666923,0.7701932787895203
Dorian,T2,Ours (latent),0.06049978412309516,0.7510928511619568
Dorian,TD2,CONUS404 truth,0.4746923713149811,nan
Dorian,TD2,R2-D2-style,0.3041050526683623,0.9892943501472473
Dorian,TD2,CorrDiff-style,0.10373232069932578,0.7766256928443909
Dorian,TD2,Ours (latent),0.12554770325336848,1.0157502889633179
Dorian,U10,CONUS404 truth,0.27568091517717724,nan
Dorian,U10,R2-D2-style,0.15140444586648533,0.6100622415542603
Dorian,U10,CorrDiff-style,0.08959469737788724,0.5904289484024048
Dorian,U10,Ours (latent),0.06514245862853656,0.5501378178596497
Dorian,V10,CONUS404 truth,0.14425626956003973,nan
Dorian,V10,R2-D2-style,0.216476231931627,0.6684703826904297
Dorian,V10,CorrDiff-style,0.15239030160764683,0.5507342219352722
Dorian,V10,Ours (latent),0.033919653985500495,0.6138104200363159
Dorian,WS,CONUS404 truth,0.4685626500641682,nan
Dorian,WS,R2-D2-style,0.14645650461572077,0.8892883658409119
Dorian,WS,CorrDiff-style,0.08253292206894715,0.7769075632095337
Dorian,WS,Ours (latent),0.05295609401942913,0.7505821585655212
IowaDerecho,T2,CONUS404 truth,0.4396168992416991,nan
IowaDerecho,T2,R2-D2-style,0.2648291450945861,0.9788429737091064
IowaDerecho,T2,CorrDiff-style,0.021983921985488583,0.8463367819786072
IowaDerecho,T2,Ours (latent),0.054215798716647265,0.847971498966217
IowaDerecho,TD2,CONUS404 truth,0.5544414262321335,nan
IowaDerecho,TD2,R2-D2-style,0.27810923171357266,0.7577131390571594
IowaDerecho,TD2,CorrDiff-style,0.1046697841473035,0.6488462090492249
IowaDerecho,TD2,Ours (latent),0.08738132108899901,0.7483078837394714
IowaDerecho,U10,CONUS404 truth,0.20996854299779188,nan
IowaDerecho,U10,R2-D2-style,0.1325688119797813,0.7598140239715576
IowaDerecho,U10,CorrDiff-style,0.05582310111069061,0.7044139504432678
IowaDerecho,U10,Ours (latent),0.03372452928390384,0.7615610957145691
IowaDerecho,V10,CONUS404 truth,0.22276694179718842,nan
IowaDerecho,V10,R2-D2-style,0.2540337960800049,0.8223778009414673
IowaDerecho,V10,CorrDiff-style,0.09487942118774244,0.7260964512825012
IowaDerecho,V10,Ours (latent),0.027790841182566084,0.7830866575241089
IowaDerecho,WS,CONUS404 truth,0.18395677939888722,nan
IowaDerecho,WS,R2-D2-style,0.17567220940557246,0.9689236283302307
IowaDerecho,WS,CorrDiff-style,0.029429520823398905,0.8778943419456482
IowaDerecho,WS,Ours (latent),0.027610454892691327,0.9476081728935242
Laura,T2,CONUS404 truth,0.5806957243632568,nan
Laura,T2,R2-D2-style,0.32678745335038006,1.0736569166183472
Laura,T2,CorrDiff-style,0.15643678140059347,0.9780996441841125
Laura,T2,Ours (latent),-0.0014840977400027073,1.020669937133789
Laura,TD2,CONUS404 truth,0.5472451565849205,nan
Laura,TD2,R2-D2-style,0.21015277920713765,1.7478245496749878
Laura,TD2,CorrDiff-style,0.09522156918788423,1.4481710195541382
Laura,TD2,Ours (latent),0.08659426629958836,1.6465626955032349
Laura,U10,CONUS404 truth,0.2412292115118915,nan
Laura,U10,R2-D2-style,0.18208667296616415,0.8005526661872864
Laura,U10,CorrDiff-style,0.10139816513697489,0.7886143326759338
Laura,U10,Ours (latent),0.09785352399560494,0.7302998304367065
Laura,V10,CONUS404 truth,0.2779539675147087,nan
Laura,V10,R2-D2-style,0.3906011675789087,0.7276056408882141
Laura,V10,CorrDiff-style,0.22429521620402237,0.653134286403656
Laura,V10,Ours (latent),-0.016032812790460236,0.7429487705230713
Laura,WS,CONUS404 truth,0.3835862638103148,nan
Laura,WS,R2-D2-style,0.27218083817588606,1.0784188508987427
Laura,WS,CorrDiff-style,0.17252396309589185,1.0279245376586914
Laura,WS,Ours (latent),-0.022165356443715947,1.0082147121429443
LaborDay_heat,T2,CONUS404 truth,0.6902401204257598,nan
LaborDay_heat,T2,R2-D2-style,0.5713057943060079,0.36710965633392334
LaborDay_heat,T2,CorrDiff-style,0.16731079819080677,0.33742979168891907
LaborDay_heat,T2,Ours (latent),-0.020028813319030676,0.294461727142334
LaborDay_heat,TD2,CONUS404 truth,0.6647242554993819,nan
LaborDay_heat,TD2,R2-D2-style,0.4411736595687646,1.0128134489059448
LaborDay_heat,TD2,CorrDiff-style,0.3177934921020486,0.8697938919067383
LaborDay_heat,TD2,Ours (latent),0.1061855264849137,1.002976417541504
LaborDay_heat,U10,CONUS404 truth,0.2191878391284338,nan
LaborDay_heat,U10,R2-D2-style,0.22453373720649517,0.5950958132743835
LaborDay_heat,U10,CorrDiff-style,0.20846889262082022,0.5582858324050903
LaborDay_heat,U10,Ours (latent),0.036759732884315145,0.49872997403144836
LaborDay_heat,V10,CONUS404 truth,0.24517772431517557,nan
LaborDay_heat,V10,R2-D2-style,0.38854552380913726,0.8273511528968811
LaborDay_heat,V10,CorrDiff-style,0.1865802667133248,0.7533401846885681
LaborDay_heat,V10,Ours (latent),0.02952533627878735,0.6875784397125244
LaborDay_heat,WS,CONUS404 truth,0.24584556987480558,nan
LaborDay_heat,WS,R2-D2-style,0.29015545654360564,0.8133751153945923
LaborDay_heat,WS,CorrDiff-style,0.15791309615296664,0.790486216545105
LaborDay_heat,WS,Ours (latent),0.04031230361809574,0.708981990814209
Sally,T2,CONUS404 truth,0.4596129891624103,nan
Sally,T2,R2-D2-style,0.21898656815090428,0.9283841848373413
Sally,T2,CorrDiff-style,0.21301128918466636,0.8043379187583923
Sally,T2,Ours (latent),0.08917529971365067,0.727577269077301
Sally,TD2,CONUS404 truth,0.5092516429090531,nan
Sally,TD2,R2-D2-style,0.23838200872647808,0.8355506062507629
Sally,TD2,CorrDiff-style,0.12614494334387627,0.6890527606010437
Sally,TD2,Ours (latent),0.08122446737108094,0.8712181448936462
Sally,U10,CONUS404 truth,0.409552088134974,nan
Sally,U10,R2-D2-style,0.2679775116262027,0.7767941355705261
Sally,U10,CorrDiff-style,0.0851104527043436,0.7333822250366211
Sally,U10,Ours (latent),0.10316442832865806,0.7501506805419922
Sally,V10,CONUS404 truth,0.2450855071710645,nan
Sally,V10,R2-D2-style,0.2918081453422575,0.7445133328437805
Sally,V10,CorrDiff-style,0.10564017812934456,0.6251243948936462
Sally,V10,Ours (latent),0.08298877333627291,0.6786434650421143
Sally,WS,CONUS404 truth,0.5069900088447419,nan
Sally,WS,R2-D2-style,0.3608664629831691,1.0796129703521729
Sally,WS,CorrDiff-style,0.06328840785750575,0.9634760618209839
Sally,WS,Ours (latent),0.07107140109208789,0.9879597425460815
