event,var,method,csi,max_ratio
Florence,FFWI,ERA5 interp,0.5003641660597232,0.9631924033164978
Florence,FFWI,DRN only,0.43185207277065313,0.8975245952606201
Florence,FFWI,R2-D2-style,0.24772674283049662,3.6163530349731445
Florence,FFWI,R2-D2-style mean,0.3405008165487207,3.2794547080993652
Florence,FFWI,CorrDiff-style,0.38215506782838865,1.6656721830368042
Florence,FFWI,CorrDiff-style mean,0.43667414609822985,1.283342957496643
Florence,FFWI,Ours (latent),0.28742249778565104,0.9284783005714417
Florence,FFWI,Ours (latent) mean,0.31808346213292116,0.9811196327209473
Florence,HDW,ERA5 interp,0.4835580065359477,0.9481037855148315
Florence,HDW,DRN only,0.4885851607089216,0.8822630047798157
Florence,HDW,R2-D2-style,0.26970669110907425,7.91257381439209
Florence,HDW,R2-D2-style mean,0.3788155174510519,7.309085369110107
Florence,HDW,CorrDiff-style,0.3879274395329441,2.178884744644165
Florence,HDW,CorrDiff-style mean,0.4848168752897543,1.7297048568725586
Florence,HDW,Ours (latent),0.2972311457855285,1.0149586200714111
Florence,HDW,Ours (latent) mean,0.35877742946708463,1.1367816925048828
Florence,WS,ERA5 interp,0.510958358238693,0.7968074679374695
Florence,WS,DRN only,0.6068209134615384,0.7126783132553101
Florence,WS,R2-D2-style,0.5718463886063072,0.9737957715988159
Florence,WS,R2-D2-style mean,0.5992552277284445,0.8736570477485657
Florence,WS,CorrDiff-style,0.5745182309718564,0.6890380382537842
Florence,WS,CorrDiff-style mean,0.5896697970312027,0.6871196627616882
Florence,WS,Ours (latent),0.572959604286892,0.8572512269020081
Florence,WS,Ours (latent) mean,0.60909220464586,0.7961019277572632
Florence,VPD,ERA5 interp,0.3699471998615078,1.1644097566604614
Florence,VPD,DRN only,0.5293868921775898,0.9744988083839417
Florence,VPD,R2-D2-style,0.05996694735185331,3.061053514480591
Florence,VPD,R2-D2-style mean,0.352273931941058,2.502551555633545
Florence,VPD,CorrDiff-style,0.23797796500324045,1.8265823125839233
Florence,VPD,CorrDiff-style mean,0.40727887524470546,1.152592658996582
Florence,VPD,Ours (latent),0.19603466386554622,0.9942207336425781
Florence,VPD,Ours (latent) mean,0.3412710224735824,1.0165420770645142
Michael,FFWI,ERA5 interp,0.17577601947656726,0.4837174117565155
Michael,FFWI,DRN only,0.0735343951202982,0.8350940346717834
Michael,FFWI,R2-D2-style,0.06576107655198679,1.2057305574417114
Michael,FFWI,R2-D2-style mean,0.06886145404663924,0.8257707953453064
Michael,FFWI,CorrDiff-style,0.09135571411861036,1.3604165315628052
Michael,FFWI,CorrDiff-style mean,0.11440086808246784,0.7616983652114868
Michael,FFWI,Ours (latent),0.09716897670303745,0.8455256223678589
Michael,FFWI,Ours (latent) mean,0.04716818729557583,0.802214503288269
Michael,HDW,ERA5 interp,0.11587397758255075,0.6380836367607117
Michael,HDW,DRN only,0.03570208404509737,0.8388526439666748
Michael,HDW,R2-D2-style,0.08157309616453585,2.3659965991973877
Michael,HDW,R2-D2-style mean,0.11054464063665755,1.6946051120758057
Michael,HDW,CorrDiff-style,0.08176704623405132,2.9590539932250977
Michael,HDW,CorrDiff-style mean,0.08043408873284393,1.2639225721359253
Michael,HDW,Ours (latent),0.06159420289855073,0.9290585517883301
Michael,HDW,Ours (latent) mean,0.01570861384429484,0.7431330680847168
Michael,WS,ERA5 interp,0.2762765746075899,0.5043841600418091
Michael,WS,DRN only,0.25484719027275715,0.852901816368103
Michael,WS,R2-D2-style,0.21240105540897097,0.6876992583274841
Michael,WS,R2-D2-style mean,0.2900595392182242,0.4972965121269226
Michael,WS,CorrDiff-style,0.2192057761732852,1.1207857131958008
Michael,WS,CorrDiff-style mean,0.24399677679290893,0.9163251519203186
Michael,WS,Ours (latent),0.2412010829436377,0.8604190945625305
Michael,WS,Ours (latent) mean,0.30407424885952494,0.8435585498809814
Michael,VPD,ERA5 interp,0.01169144745202694,0.5529414415359497
Michael,VPD,DRN only,0.0025853154084798345,0.545708417892456
Michael,VPD,R2-D2-style,0.033283699745992816,1.7388966083526611
Michael,VPD,R2-D2-style mean,0.05575417092271025,1.3573399782180786
Michael,VPD,CorrDiff-style,0.04824908889241008,1.3408725261688232
Michael,VPD,CorrDiff-style mean,0.043137254901960784,0.858525812625885
Michael,VPD,Ours (latent),0.10023400936037441,0.9120189547538757
Michael,VPD,Ours (latent) mean,0.002040122407344441,0.5548756122589111
CampFire_wind,FFWI,ERA5 interp,0.022995283018867923,0.3710024356842041
CampFire_wind,FFWI,DRN only,0.6115412408382368,1.1111972332000732
CampFire_wind,FFWI,R2-D2-style,0.3451394839569647,0.9255971312522888
CampFire_wind,FFWI,R2-D2-style mean,0.305142371440714,0.7204418778419495
CampFire_wind,FFWI,CorrDiff-style,0.5021834061135371,1.104451298713684
CampFire_wind,FFWI,CorrDiff-style mean,0.5602243861134631,0.94478440284729
CampFire_wind,FFWI,Ours (latent),0.5461178671655753,1.3318747282028198
CampFire_wind,FFWI,Ours (latent) mean,0.5847941697853063,1.1803979873657227
CampFire_wind,HDW,ERA5 interp,0.16562322140011382,0.4070051908493042
CampFire_wind,HDW,DRN only,0.6378762999452655,0.8643749952316284
CampFire_wind,HDW,R2-D2-style,0.4185501266060208,0.8124833703041077
CampFire_wind,HDW,R2-D2-style mean,0.3946892547825259,0.5856126546859741
CampFire_wind,HDW,CorrDiff-style,0.5227344324267563,0.7883448004722595
CampFire_wind,HDW,CorrDiff-style mean,0.5677094972067039,0.8229643106460571
CampFire_wind,HDW,Ours (latent),0.5791549880618706,0.8514000773429871
CampFire_wind,HDW,Ours (latent) mean,0.6093136734910364,0.7925778031349182
CampFire_wind,WS,ERA5 interp,0.0,0.36038169264793396
CampFire_wind,WS,DRN only,0.6368275568785882,1.0929957628250122
CampFire_wind,WS,R2-D2-style,0.2610120876869494,0.9753450155258179
CampFire_wind,WS,R2-D2-style mean,0.18870555426446664,0.7693796157836914
CampFire_wind,WS,CorrDiff-style,0.5032473734479466,1.1017282009124756
CampFire_wind,WS,CorrDiff-style mean,0.5845529323790193,0.955614447593689
CampFire_wind,WS,Ours (latent),0.5811449083695447,1.2802008390426636
CampFire_wind,WS,Ours (latent) mean,0.610876607440856,1.186592936515808
CampFire_wind,VPD,ERA5 interp,0.43341988130563797,0.8344359397888184
CampFire_wind,VPD,DRN only,0.5896994723560449,0.9674252867698669
CampFire_wind,VPD,R2-D2-style,0.41598524931858266,1.0051279067993164
CampFire_wind,VPD,R2-D2-style mean,0.42529434105582986,0.9891598224639893
CampFire_wind,VPD,CorrDiff-style,0.5313891362422084,1.0333430767059326
CampFire_wind,VPD,CorrDiff-style mean,0.5725659690627843,0.9678289890289307
CampFire_wind,VPD,Ours (latent),0.4750634957284692,0.9273834228515625
CampFire_wind,VPD,Ours (latent) mean,0.4691474328780028,0.9358838796615601
PolarVortex,FFWI,ERA5 interp,0.02958478496773088,0.42026934027671814
PolarVortex,FFWI,DRN only,0.3856465250567127,1.0334819555282593
PolarVortex,FFWI,R2-D2-style,0.11136122881355932,0.9859763383865356
PolarVortex,FFWI,R2-D2-style mean,0.08994204969437168,0.8918917775154114
PolarVortex,FFWI,CorrDiff-style,0.3080154007700385,1.2373665571212769
PolarVortex,FFWI,CorrDiff-style mean,0.38057433480121566,1.036300778388977
PolarVortex,FFWI,Ours (latent),0.3041877301379267,1.2958751916885376
PolarVortex,FFWI,Ours (latent) mean,0.341442097596504,1.0915530920028687
PolarVortex,HDW,ERA5 interp,0.2059607372095642,0.6407310962677002
PolarVortex,HDW,DRN only,0.29480872310742345,1.1071163415908813
PolarVortex,HDW,R2-D2-style,0.13626896756917584,1.3236408233642578
PolarVortex,HDW,R2-D2-style mean,0.17015112363949572,0.7190200686454773
PolarVortex,HDW,CorrDiff-style,0.24,1.3788539171218872
PolarVortex,HDW,CorrDiff-style mean,0.2774230168866184,1.2209346294403076
PolarVortex,HDW,Ours (latent),0.2797578092748039,1.140798568725586
PolarVortex,HDW,Ours (latent) mean,0.27523992322456814,1.319687008857727
PolarVortex,WS,ERA5 interp,0.1855840927920464,0.6653209328651428
PolarVortex,WS,DRN only,0.2344313339888561,0.993984043598175
PolarVortex,WS,R2-D2-style,0.2509609336781047,1.3062235116958618
PolarVortex,WS,R2-D2-style mean,0.2258682818370007,1.234937310218811
PolarVortex,WS,CorrDiff-style,0.279175622708307,1.1672943830490112
PolarVortex,WS,CorrDiff-style mean,0.3160465990229237,1.0308566093444824
PolarVortex,WS,Ours (latent),0.3514971302122951,1.1350377798080444
PolarVortex,WS,Ours (latent) mean,0.3130495141138362,1.0450230836868286
PolarVortex,VPD,ERA5 interp,0.19658269697767636,0.9957427382469177
PolarVortex,VPD,DRN only,0.33338987842804635,0.9634020924568176
PolarVortex,VPD,R2-D2-style,0.10814038346712665,0.9898111820220947
PolarVortex,VPD,R2-D2-style mean,0.21918499819689866,0.7098182439804077
PolarVortex,VPD,CorrDiff-style,0.2577068685776095,1.4619519710540771
PolarVortex,VPD,CorrDiff-style mean,0.34923687056844127,1.02524995803833
PolarVortex,VPD,Ours (latent),0.2197425493213936,1.0014736652374268
PolarVortex,VPD,Ours (latent) mean,0.2157130191638819,0.9627747535705566
BombCyclone,FFWI,ERA5 interp,0.24723261173448186,0.6277760863304138
BombCyclone,FFWI,DRN only,0.48746215799394527,1.0187618732452393
BombCyclone,FFWI,R2-D2-style,0.3378722875085494,1.1351897716522217
BombCyclone,FFWI,R2-D2-style mean,0.2572952155236261,0.9441949129104614
BombCyclone,FFWI,CorrDiff-style,0.3835129693237001,1.5617499351501465
BombCyclone,FFWI,CorrDiff-style mean,0.4506863589000136,1.2520906925201416
BombCyclone,FFWI,Ours (latent),0.3689590515937821,1.0026694536209106
BombCyclone,FFWI,Ours (latent) mean,0.43916762415421934,1.0051521062850952
BombCyclone,HDW,ERA5 interp,0.3309037037037037,0.6318404674530029
BombCyclone,HDW,DRN only,0.5377381593769898,0.8196777105331421
BombCyclone,HDW,R2-D2-style,0.37653343886030866,0.9686705470085144
BombCyclone,HDW,R2-D2-style mean,0.43412746894726123,0.7578505277633667
BombCyclone,HDW,CorrDiff-style,0.4068477909772817,1.7567085027694702
BombCyclone,HDW,CorrDiff-style mean,0.44038320957254434,0.988732099533081
BombCyclone,HDW,Ours (latent),0.40720004816085725,0.9456157088279724
BombCyclone,HDW,Ours (latent) mean,0.5251815413445772,0.8932670950889587
BombCyclone,WS,ERA5 interp,0.12084206223493946,0.5834883451461792
BombCyclone,WS,DRN only,0.5563427800269906,0.9486735463142395
BombCyclone,WS,R2-D2-style,0.35410611693139576,1.1408156156539917
BombCyclone,WS,R2-D2-style mean,0.3435001480604086,1.0543912649154663
BombCyclone,WS,CorrDiff-style,0.4555962038067971,1.1864349842071533
BombCyclone,WS,CorrDiff-style mean,0.5607977563103771,1.0922445058822632
BombCyclone,WS,Ours (latent),0.5125473332905461,0.9513260722160339
BombCyclone,WS,Ours (latent) mean,0.5474209650582362,0.9521874189376831
BombCyclone,VPD,ERA5 interp,0.45081449677989643,0.8482440710067749
BombCyclone,VPD,DRN only,0.5408588252190147,0.8536363840103149
BombCyclone,VPD,R2-D2-style,0.5212464589235127,0.9110449552536011
BombCyclone,VPD,R2-D2-style mean,0.5584543440807285,0.7751405835151672
BombCyclone,VPD,CorrDiff-style,0.4281869078380706,1.6344114542007446
BombCyclone,VPD,CorrDiff-style mean,0.4898767061152117,1.0482088327407837
BombCyclone,VPD,Ours (latent),0.5372133027522936,0.8695312738418579
BombCyclone,VPD,Ours (latent) mean,0.5416501050479814,0.8193856477737427
Dorian,FFWI,ERA5 interp,0.30600809380512606,0.44055166840553284
Dorian,FFWI,DRN only,0.2274657086871326,0.7693617939949036
Dorian,FFWI,R2-D2-style,0.29232386961093587,0.6764889359474182
Dorian,FFWI,R2-D2-style mean,0.2976608895891407,0.6615710854530334
Dorian,FFWI,CorrDiff-style,0.28820864183887723,1.005745530128479
Dorian,FFWI,CorrDiff-style mean,0.3032496307237814,0.8455709218978882
Dorian,FFWI,Ours (latent),0.13200697066511763,0.7402411103248596
Dorian,FFWI,Ours (latent) mean,0.12613956572186308,0.777453601360321
Dorian,HDW,ERA5 interp,0.25958601968103157,0.5025424361228943
Dorian,HDW,DRN only,0.08418789282170029,1.019789218902588
Dorian,HDW,R2-D2-style,0.2230796460176991,1.0354570150375366
Dorian,HDW,R2-D2-style mean,0.2270444494415711,0.8036110997200012
Dorian,HDW,CorrDiff-style,0.20938237608182533,1.6035356521606445
Dorian,HDW,CorrDiff-style mean,0.23098700295972205,0.9322611093521118
Dorian,HDW,Ours (latent),0.041465276011193083,0.7820364832878113
Dorian,HDW,Ours (latent) mean,0.05854956753160346,0.8741084933280945
Dorian,WS,ERA5 interp,0.48904609767229573,0.7984590530395508
Dorian,WS,DRN only,0.38552270156729684,0.8576726317405701
Dorian,WS,R2-D2-style,0.3368270605050024,0.8736120462417603
Dorian,WS,R2-D2-style mean,0.4110623112819105,0.6780142784118652
Dorian,WS,CorrDiff-style,0.36836689695722474,0.8745624423027039
Dorian,WS,CorrDiff-style mean,0.387543803759159,0.850737988948822
Dorian,WS,Ours (latent),0.2950965824665676,0.8255952596664429
Dorian,WS,Ours (latent) mean,0.3170614596670935,0.8481287956237793
Dorian,VPD,ERA5 interp,0.2520870495897253,0.8420596122741699
Dorian,VPD,DRN only,0.3118766999093382,0.8158067464828491
Dorian,VPD,R2-D2-style,0.23471981513575968,1.18434476852417
Dorian,VPD,R2-D2-style mean,0.25409446949916925,0.8460254669189453
Dorian,VPD,CorrDiff-style,0.30614203454894434,1.2372446060180664
Dorian,VPD,CorrDiff-style mean,0.34596279341579816,0.9040767550468445
Dorian,VPD,Ours (latent),0.053431976983148374,0.8616898059844971
Dorian,VPD,Ours (latent) mean,0.030035040881027864,0.8101435303688049
IowaDerecho,FFWI,ERA5 interp,0.48615957199348686,0.6592971086502075
IowaDerecho,FFWI,DRN only,0.5027993649201972,0.7376738786697388
IowaDerecho,FFWI,R2-D2-style,0.1300369996636394,1.1732627153396606
IowaDerecho,FFWI,R2-D2-style mean,0.06234766884189009,0.8386726379394531
IowaDerecho,FFWI,CorrDiff-style,0.46858143607705777,1.2717112302780151
IowaDerecho,FFWI,CorrDiff-style mean,0.5668859649122807,1.0027509927749634
IowaDerecho,FFWI,Ours (latent),0.39248944522627954,0.9895026683807373
IowaDerecho,FFWI,Ours (latent) mean,0.49333333333333335,0.8398516178131104
IowaDerecho,HDW,ERA5 interp,0.5423849643551523,0.8211160898208618
IowaDerecho,HDW,DRN only,0.645096525096525,0.8738003373146057
IowaDerecho,HDW,R2-D2-style,0.4414223165715802,1.0640122890472412
IowaDerecho,HDW,R2-D2-style mean,0.4618098948761303,0.7700379490852356
IowaDerecho,HDW,CorrDiff-style,0.5221195317313617,1.1742192506790161
IowaDerecho,HDW,CorrDiff-style mean,0.6227768425675181,0.8452640175819397
IowaDerecho,HDW,Ours (latent),0.60698592388471,0.8474555611610413
IowaDerecho,HDW,Ours (latent) mean,0.5922011960350618,0.8166043162345886
IowaDerecho,WS,ERA5 interp,0.44959885258392723,0.8098365664482117
IowaDerecho,WS,DRN only,0.4656235182550972,0.8727390170097351
IowaDerecho,WS,R2-D2-style,0.3246941045606229,1.4375255107879639
IowaDerecho,WS,R2-D2-style mean,0.3168388497729815,1.1102887392044067
IowaDerecho,WS,CorrDiff-style,0.4518596188244002,1.4059374332427979
IowaDerecho,WS,CorrDiff-style mean,0.5293432357652541,1.0260686874389648
IowaDerecho,WS,Ours (latent),0.38211020822752667,1.0864537954330444
IowaDerecho,WS,Ours (latent) mean,0.44469124833407375,0.9282084703445435
IowaDerecho,VPD,ERA5 interp,0.2253542587231449,0.9021077156066895
IowaDerecho,VPD,DRN only,0.5334967966463656,0.8507739901542664
IowaDerecho,VPD,R2-D2-style,0.12914319162947246,0.9196298122406006
IowaDerecho,VPD,R2-D2-style mean,0.1240060015003751,0.852546215057373
IowaDerecho,VPD,CorrDiff-style,0.384444879066432,1.0072280168533325
IowaDerecho,VPD,CorrDiff-style mean,0.5326903254307171,0.8733839392662048
IowaDerecho,VPD,Ours (latent),0.4754744290768736,1.0009034872055054
IowaDerecho,VPD,Ours (latent) mean,0.43289932771679007,0.8526141047477722
Laura,FFWI,ERA5 interp,0.43962531486146095,0.6864354014396667
Laura,FFWI,DRN only,0.4894242732722543,1.0460436344146729
Laura,FFWI,R2-D2-style,0.5161918244558485,1.1163301467895508
Laura,FFWI,R2-D2-style mean,0.47442680776014107,1.0037480592727661
Laura,FFWI,CorrDiff-style,0.4813753581661891,1.3938770294189453
Laura,FFWI,CorrDiff-style mean,0.5319513122860403,1.0679274797439575
Laura,FFWI,Ours (latent),0.49347360218195985,1.0986119508743286
Laura,FFWI,Ours (latent) mean,0.30524475524475525,1.0589896440505981
Laura,HDW,ERA5 interp,0.35431352802954014,0.6641545295715332
Laura,HDW,DRN only,0.5304054054054054,0.9889901876449585
Laura,HDW,R2-D2-style,0.5097244732576985,0.9860535860061646
Laura,HDW,R2-D2-style mean,0.36350823937554205,0.9280756115913391
Laura,HDW,CorrDiff-style,0.5142545698473923,1.399611234664917
Laura,HDW,CorrDiff-style mean,0.6135396116706469,0.9977388978004456
Laura,HDW,Ours (latent),0.4930085701398286,1.0020887851715088
Laura,HDW,Ours (latent) mean,0.3177077089078048,0.9683378338813782
Laura,WS,ERA5 interp,0.43076267575628463,0.8754051923751831
Laura,WS,DRN only,0.3611111111111111,0.6826549768447876
Laura,WS,R2-D2-style,0.35589165171323595,0.8322479724884033
Laura,WS,R2-D2-style mean,0.3600852272727273,0.7910416722297668
Laura,WS,CorrDiff-style,0.35123778204074174,1.2679134607315063
Laura,WS,CorrDiff-style mean,0.3955051459777358,0.7349498271942139
Laura,WS,Ours (latent),0.3535882101665955,0.7054577469825745
Laura,WS,Ours (latent) mean,0.4323287052714753,0.6901499629020691
Laura,VPD,ERA5 interp,0.1945869170677819,0.9540970325469971
Laura,VPD,DRN only,0.1953580464195358,0.8655133843421936
Laura,VPD,R2-D2-style,0.20481380563124432,0.943138837814331
Laura,VPD,R2-D2-style mean,0.12016993728504957,0.9431036114692688
Laura,VPD,CorrDiff-style,0.3586821705426357,1.1247289180755615
Laura,VPD,CorrDiff-style mean,0.290069870844802,0.9255627393722534
Laura,VPD,Ours (latent),0.030845996824676796,0.8177268505096436
Laura,VPD,Ours (latent) mean,0.07109172365008253,0.8500842452049255
LaborDay_heat,FFWI,ERA5 interp,0.05153669245243571,0.6382283568382263
LaborDay_heat,FFWI,DRN only,0.465747178844181,0.8787345290184021
LaborDay_heat,FFWI,R2-D2-style,0.2497560975609756,1.0582329034805298
LaborDay_heat,FFWI,R2-D2-style mean,0.26072460546788173,0.7471773624420166
LaborDay_heat,FFWI,CorrDiff-style,0.3066209875623743,1.2555975914001465
LaborDay_heat,FFWI,CorrDiff-style mean,0.43394167823844476,0.9173804521560669
LaborDay_heat,FFWI,Ours (latent),0.426842907981698,0.9907508492469788
LaborDay_heat,FFWI,Ours (latent) mean,0.4637322427894963,0.9390290975570679
LaborDay_heat,HDW,ERA5 interp,0.02757277572775728,0.4772935211658478
LaborDay_heat,HDW,DRN only,0.19081439393939395,0.623386800289154
LaborDay_heat,HDW,R2-D2-style,0.1485650391352963,0.919274091720581
LaborDay_heat,HDW,R2-D2-style mean,0.17775310386595336,0.768907368183136
LaborDay_heat,HDW,CorrDiff-style,0.17417846473567997,1.399836778640747
LaborDay_heat,HDW,CorrDiff-style mean,0.24104887185294888,0.9097733497619629
LaborDay_heat,HDW,Ours (latent),0.19131334022750776,0.7543492317199707
LaborDay_heat,HDW,Ours (latent) mean,0.2237508254457407,0.6757485270500183
LaborDay_heat,WS,ERA5 interp,0.02097902097902098,0.5145312547683716
LaborDay_heat,WS,DRN only,0.49284395198522624,0.8564243912696838
LaborDay_heat,WS,R2-D2-style,0.2656773575873624,0.9862298965454102
LaborDay_heat,WS,R2-D2-style mean,0.2651750110766504,0.9694566130638123
LaborDay_heat,WS,CorrDiff-style,0.36020785764900404,1.3604868650436401
LaborDay_heat,WS,CorrDiff-style mean,0.48634097706879365,0.8742311596870422
LaborDay_heat,WS,Ours (latent),0.46878209077839395,0.8754227161407471
LaborDay_heat,WS,Ours (latent) mean,0.504711929749411,0.9145609140396118
LaborDay_heat,VPD,ERA5 interp,0.43123714369673816,0.8614308834075928
LaborDay_heat,VPD,DRN only,0.5623137778691051,0.907133936882019
LaborDay_heat,VPD,R2-D2-style,0.5134128166915052,0.9836641550064087
LaborDay_heat,VPD,R2-D2-style mean,0.5323345183680379,0.9640368819236755
LaborDay_heat,VPD,CorrDiff-style,0.5027512839325018,1.1334829330444336
LaborDay_heat,VPD,CorrDiff-style mean,0.5476540938362465,0.9074314832687378
LaborDay_heat,VPD,Ours (latent),0.4905931828242585,0.8983385562896729
LaborDay_heat,VPD,Ours (latent) mean,0.5078895463510849,0.894864022731781
Sally,FFWI,ERA5 interp,0.157992277992278,0.6813625693321228
Sally,FFWI,DRN only,0.16580262041662738,0.876025378704071
Sally,FFWI,R2-D2-style,0.14726341148926064,1.5520353317260742
Sally,FFWI,R2-D2-style mean,0.16747703943814155,0.7473376393318176
Sally,FFWI,CorrDiff-style,0.16976579134137687,1.3128975629806519
Sally,FFWI,CorrDiff-style mean,0.17027358105349122,0.95392906665802
Sally,FFWI,Ours (latent),0.14323934966042395,0.8505216240882874
Sally,FFWI,Ours (latent) mean,0.1421359223300971,0.8761137127876282
Sally,HDW,ERA5 interp,0.07697993063846723,0.7363304495811462
Sally,HDW,DRN only,0.08783591301870668,0.7939942479133606
Sally,HDW,R2-D2-style,0.1745125828321906,2.722376823425293
Sally,HDW,R2-D2-style mean,0.17327120369645235,1.0227386951446533
Sally,HDW,CorrDiff-style,0.14270724029380902,1.6583027839660645
Sally,HDW,CorrDiff-style mean,0.10806500607533415,1.0025192499160767
Sally,HDW,Ours (latent),0.0606842400448682,0.8449491262435913
Sally,HDW,Ours (latent) mean,0.06939555466157095,0.7286381125450134
Sally,WS,ERA5 interp,0.22327570180330916,0.8998717665672302
Sally,WS,DRN only,0.299553792761527,0.8869433999061584
Sally,WS,R2-D2-style,0.20804639362087712,0.9818496108055115
Sally,WS,R2-D2-style mean,0.24814814814814815,1.1348607540130615
Sally,WS,CorrDiff-style,0.2543025733486314,1.1612071990966797
Sally,WS,CorrDiff-style mean,0.2820268514508445,1.083803415298462
Sally,WS,Ours (latent),0.28839688396883967,0.9350581765174866
Sally,WS,Ours (latent) mean,0.29948221145815934,0.9110382199287415
Sally,VPD,ERA5 interp,0.18826997203537146,0.7056544423103333
Sally,VPD,DRN only,0.488218426630096,0.7086688280105591
Sally,VPD,R2-D2-style,0.20378781386579828,2.2592415809631348
Sally,VPD,R2-D2-style mean,0.23526745240253852,1.2637755870819092
Sally,VPD,CorrDiff-style,0.21328575349986276,1.5240837335586548
Sally,VPD,CorrDiff-style mean,0.2652942881994781,0.9870038628578186
Sally,VPD,Ours (latent),0.15527625032731082,1.1653701066970825
Sally,VPD,Ours (latent) mean,0.027785817655571636,0.6949772834777832
