event,method,supersat,rh_gt100,prec_max_ratio
Florence,CONUS404,0.0,0.0,1.0
Florence,ERA5 interp,0.0,0.0,0.7023918628692627
Florence,DRN only,0.005718036864926495,0.0051738732357869644,1.204600214958191
Florence,R2-D2-style,0.059547048560125763,0.05796638278024427,2.494668483734131
Florence,CorrDiff-style,0.028192858500181387,0.02649126746938,5.492607593536377
Florence,Ours (latent),0.08823224558190958,0.08027709157496501,2.370189666748047
Michael,CONUS404,0.0,0.0,1.0
Michael,ERA5 interp,0.0,0.0,0.3572753369808197
Michael,DRN only,0.002751616683303676,0.0023957293520246517,0.33114129304885864
Michael,R2-D2-style,0.14312746842584959,0.13255501063321903,2.583756446838379
Michael,CorrDiff-style,0.018202334968100344,0.01703051082852307,2.4510579109191895
Michael,Ours (latent),0.062219521722147474,0.05525801831517729,43.930477142333984
CampFire_wind,CONUS404,0.0,0.0,1.0
CampFire_wind,ERA5 interp,0.0,0.0,0.5229020118713379
CampFire_wind,DRN only,8.473499131466339e-05,6.0524993796188136e-05,0.42826104164123535
CampFire_wind,R2-D2-style,0.002148637279764679,0.0019912722958945897,1.197273850440979
CampFire_wind,CorrDiff-style,0.0010955023877110052,0.0009502424026001537,1.8180155754089355
CampFire_wind,Ours (latent),0.01499809346269542,0.014404948523492776,0.7136023640632629
PolarVortex,CONUS404,0.0,0.0,1.0
PolarVortex,ERA5 interp,0.0,0.0,0.5931150913238525
PolarVortex,DRN only,0.0,0.0,0.7285193800926208
PolarVortex,R2-D2-style,0.00850416021417885,0.008092950821106415,7.741597652435303
PolarVortex,CorrDiff-style,0.006163766328075103,0.005756931503014077,1.687900424003601
PolarVortex,Ours (latent),0.11337567915168377,0.11040534747193714,2.098360538482666
BombCyclone,CONUS404,0.0,0.0,1.0
BombCyclone,ERA5 interp,0.0,0.0,0.7776458263397217
BombCyclone,DRN only,0.02326461423215189,0.0178085312595327,0.7772905826568604
BombCyclone,R2-D2-style,0.03248937164304166,0.028492877745900216,3.0906834602355957
BombCyclone,CorrDiff-style,0.05281550099043544,0.048483069925128484,3.384781837463379
BombCyclone,Ours (latent),0.10056105368430401,0.09478834027732193,2.1301469802856445
Dorian,CONUS404,0.0,0.0,1.0
Dorian,ERA5 interp,0.0,0.0,0.3695720434188843
Dorian,DRN only,8.388769115907623e-06,8.388769115907623e-06,0.17616775631904602
Dorian,R2-D2-style,0.032128985713926195,0.030761616348033254,3.457986354827881
Dorian,CorrDiff-style,0.00204685966428146,0.0018958618201951227,1.9794963598251343
Dorian,Ours (latent),0.03217931832862164,0.029771741592356155,1.7639472484588623
IowaDerecho,CONUS404,0.0,0.0,1.0
IowaDerecho,ERA5 interp,0.0,0.0,0.28260180354118347
IowaDerecho,DRN only,0.0,0.0,0.06294134259223938
IowaDerecho,R2-D2-style,0.0002571818018157035,0.0001971727147253727,3.0085980892181396
IowaDerecho,CorrDiff-style,4.2863633635950586e-05,4.2863633635950586e-05,2.808102607727051
IowaDerecho,Ours (latent),8.572726727190118e-06,4.286363363595059e-06,2.5604660511016846
Laura,CONUS404,0.0,0.0,1.0
Laura,ERA5 interp,0.0,0.0,0.5470568537712097
Laura,DRN only,1.8316136516270834e-05,1.8316136516270834e-05,0.5345653295516968
Laura,R2-D2-style,0.013614994810427987,0.013034983820746077,2.4059157371520996
Laura,CorrDiff-style,0.007179925514378167,0.006703705964955125,3.2777061462402344
Laura,Ours (latent),0.021698516392942183,0.02056291592893339,5.826932907104492
LaborDay_heat,CONUS404,0.0,0.0,1.0
LaborDay_heat,ERA5 interp,0.0,0.0,0.1454678773880005
LaborDay_heat,DRN only,0.0,0.0,0.08078941702842712
LaborDay_heat,R2-D2-style,6.3086308378492615e-06,6.3086308378492615e-06,0.6886672973632812
LaborDay_heat,CorrDiff-style,0.0,0.0,9.399356842041016
LaborDay_heat,Ours (latent),0.0,0.0,2.7358317375183105
Sally,CONUS404,0.0,0.0,1.0
Sally,ERA5 interp,0.0,0.0,0.6025087237358093
Sally,DRN only,0.0005243102735275004,0.0004873870148283807,1.4206691980361938
Sally,R2-D2-style,0.009659124475689727,0.009001890470845394,8.633310317993164
Sally,CorrDiff-style,0.0032787853724818338,0.003101553730726059,45.9327507019043
Sally,Ours (latent),0.04648638270219176,0.04478052815029243,17.886762619018555
