event,var,method,csi,hit,far,pred_p95_over_truth,pred_max_over_truth
Florence,FFWI,ERA5 interp,0.5003641660597232,0.8307134220072552,0.44282238442822386,1.2162747842391441,0.9631924033164978
Florence,FFWI,DRN,0.43185207277065313,0.5002591121091726,0.24049305009179123,0.8957906403959512,0.8975245952606201
Florence,FFWI,Ens mean,0.31808346213292116,0.3555018137847642,0.24863088718510407,0.8210252028696837,0.9811196327209473
Florence,FFWI,Ens member,0.28742249778565104,0.3363275177059941,0.3359481582537517,0.8212374783872641,0.9284783005714417
Florence,HDW,ERA5 interp,0.4835580065359477,0.8179305579547418,0.4581139848935683,1.3895982846097377,0.9481037855148315
Florence,HDW,DRN,0.4885851607089216,0.5619277940922439,0.21081999029597284,0.8988586003126995,0.8822630047798157
Florence,HDW,Ens mean,0.35877742946708463,0.3954050785973398,0.20520833333333333,0.8092694125165228,1.1367816925048828
Florence,HDW,Ens member,0.2972311457855285,0.3356365520815339,0.2779635823114084,0.7661704287201603,1.0149586200714111
Florence,WS,ERA5 interp,0.510958358238693,0.8859906719640698,0.4530816805288974,1.2485324543833178,0.7968074679374695
Florence,WS,DRN,0.6068209134615384,0.6977025392986699,0.1767223807582552,0.9438775266613613,0.7126783132553101
Florence,WS,Ens mean,0.60909220464586,0.7382967697357057,0.2231915667030171,0.9843218801409019,0.7961019277572632
Florence,WS,Ens member,0.572959604286892,0.7203316634997409,0.2631206927018908,0.9925571866033084,0.8572512269020081
Florence,VPD,ERA5 interp,0.3699471998615078,0.7382967697357057,0.5742179717075114,1.1508186461113343,1.1644097566604614
Florence,VPD,DRN,0.5293868921775898,0.648816721368112,0.2580007902015014,0.9744087977072583,0.9744988083839417
Florence,VPD,Ens mean,0.3412710224735824,0.39609604422179995,0.28855103940428173,0.9286662013649325,1.0165420770645142
Florence,VPD,Ens member,0.19603466386554622,0.25790291932976334,0.5503012048192771,0.9181349906317544,0.9942207336425781
Michael,FFWI,ERA5 interp,0.17577601947656726,0.2506509286582191,0.62955361723961,0.9505146180126964,0.4837174117565155
Michael,FFWI,DRN,0.0735343951202982,0.07533414337788578,0.24521739130434783,0.6813905997703451,0.8350940346717834
Michael,FFWI,Ens mean,0.04716818729557583,0.04756118729387259,0.14906832298136646,0.6043966872289102,0.802214503288269
Michael,FFWI,Ens member,0.09716897670303745,0.11438986287102934,0.6077380952380952,0.7955080533255442,0.8455256223678589
Michael,HDW,ERA5 interp,0.11587397758255075,0.13278944627668807,0.5236612702366127,0.8393035130300419,0.6380836367607117
Michael,HDW,DRN,0.03570208404509737,0.036278423884742235,0.3079470198675497,0.5605097313532791,0.8388526439666748
Michael,HDW,Ens mean,0.01570861384429484,0.015795868772782502,0.2601626016260163,0.48952275357576447,0.7431330680847168
Michael,HDW,Ens member,0.06159420289855073,0.07672279118208644,0.7619816908992999,0.7644758272643357,0.9290585517883301
Michael,WS,ERA5 interp,0.2762765746075899,0.4827286929352543,0.6075359864521592,1.0470701571356673,0.5043841600418091
Michael,WS,DRN,0.25484719027275715,0.26922409303940287,0.1732409381663113,0.7952987343781517,0.852901816368103
Michael,WS,Ens mean,0.30407424885952494,0.33553202568998436,0.23566627125345987,0.8295854756718342,0.8435585498809814
Michael,WS,Ens member,0.2412010829436377,0.3402187120291616,0.5468208092485549,0.9514915453295837,0.8604190945625305
Michael,VPD,ERA5 interp,0.01169144745202694,0.015969449748307586,0.9581818181818181,0.9384029246951774,0.5529414415359497
Michael,VPD,DRN,0.0025853154084798345,0.0026037146328762367,0.7321428571428571,0.8534339359220268,0.545708417892456
Michael,VPD,Ens mean,0.002040122407344441,0.0020829717063009894,0.9097744360902256,0.8120964735910148,0.5548756122589111
Michael,VPD,Ens member,0.10023400936037441,0.22305155354973094,0.8459971236816874,1.0634924450209478,0.9120189547538757
CampFire_wind,FFWI,ERA5 interp,0.022995283018867923,0.023604890449098172,0.5289855072463768,0.5624594355040526,0.3710024356842041
CampFire_wind,FFWI,DRN,0.6115412408382368,0.7171044667715772,0.19401360544217688,0.9546347484837228,1.1111972332000732
CampFire_wind,FFWI,Ens mean,0.5847941697853063,0.7187991768551023,0.24173157961946112,0.9793005863906995,1.1803979873657227
CampFire_wind,FFWI,Ens member,0.5461178671655753,0.7066941048299238,0.2938187976291279,1.0001454026488026,1.3318747282028198
CampFire_wind,HDW,ERA5 interp,0.16562322140011382,0.1761287979663479,0.26478019201616976,0.6100249914600281,0.4070051908493042
CampFire_wind,HDW,DRN,0.6378762999452655,0.705362546907154,0.13042829428443517,0.8985499332904903,0.8643749952316284
CampFire_wind,HDW,Ens mean,0.6093136734910364,0.6953153371262559,0.1687409551374819,0.9152948166630972,0.7925778031349182
CampFire_wind,HDW,Ens member,0.5791549880618706,0.6753419682847113,0.1973816717019134,0.9177874937806537,0.8514000773429871
CampFire_wind,WS,ERA5 interp,0.0,0.0,0.0,0.5093180078799507,0.36038169264793396
CampFire_wind,WS,DRN,0.6368275568785882,0.7250938143081951,0.16047652417659425,0.9552906009516858,1.0929957628250122
CampFire_wind,WS,Ens mean,0.610876607440856,0.7532986321268611,0.23634801816173764,0.9953778940884915,1.186592936515808
CampFire_wind,WS,Ens member,0.5811449083695447,0.7447040309889844,0.2742715583343164,1.009041433652612,1.2802008390426636
CampFire_wind,VPD,ERA5 interp,0.43341988130563797,0.5657910664568454,0.350562734472697,0.9789166081606718,0.8344359397888184
CampFire_wind,VPD,DRN,0.5896994723560449,0.6223217528144293,0.08163629867809932,0.9276742904104871,0.9674252867698669
CampFire_wind,VPD,Ens mean,0.4691474328780028,0.4822660694831134,0.054804270462633455,0.8765192380334605,0.9358838796615601
CampFire_wind,VPD,Ens member,0.4750634957284692,0.4981237138360973,0.08879539415411869,0.8764567669020825,0.9273834228515625
PolarVortex,FFWI,ERA5 interp,0.02958478496773088,0.04531933508311461,0.92147946036077,0.9295608058109845,0.42026934027671814
PolarVortex,FFWI,DRN,0.3856465250567127,0.49081364829396323,0.3571674114816088,0.9456601436158181,1.0334819555282593
PolarVortex,FFWI,Ens mean,0.341442097596504,0.41014873140857394,0.3291356611333715,0.9086630892369827,1.0915530920028687
PolarVortex,FFWI,Ens member,0.3041877301379267,0.426421697287839,0.4851589732755889,0.966461134577843,1.2958751916885376
PolarVortex,HDW,ERA5 interp,0.2059607372095642,0.4800524934383202,0.7349019228911006,1.224736639586312,0.6407310962677002
PolarVortex,HDW,DRN,0.29480872310742345,0.35126859142607175,0.3528368794326241,0.9136408860004279,1.1071163415908813
PolarVortex,HDW,Ens mean,0.27523992322456814,0.3136482939632546,0.3079150579150579,0.8799598152337778,1.319687008857727
PolarVortex,HDW,Ens member,0.2797578092748039,0.3557305336832896,0.43291492329149234,0.9090139722327805,1.140798568725586
PolarVortex,WS,ERA5 interp,0.1855840927920464,0.21557305336832897,0.42843887729065183,0.8765728211713092,0.6653209328651428
PolarVortex,WS,DRN,0.2344313339888561,0.25030621172353457,0.21292984869325998,0.8602697238206307,0.993984043598175
PolarVortex,WS,Ens mean,0.3130495141138362,0.3551181102362205,0.27453083109919574,0.8962697698263798,1.0450230836868286
PolarVortex,WS,Ens member,0.3514971302122951,0.4447069116360455,0.3735518856297757,0.930154253006047,1.1350377798080444
PolarVortex,VPD,ERA5 interp,0.19658269697767636,0.5878390201224847,0.7719899552056468,1.202010406442315,0.9957427382469177
PolarVortex,VPD,DRN,0.33338987842804635,0.51583552055993,0.5147724467122048,1.0081908680766039,0.9634020924568176
PolarVortex,VPD,Ens mean,0.2157130191638819,0.27672790901137356,0.5054721701063164,0.9408582227927887,0.9627747535705566
PolarVortex,VPD,Ens member,0.2197425493213936,0.2748031496062992,0.4769358867610325,0.9376499118349672,1.0014736652374268
BombCyclone,FFWI,ERA5 interp,0.24723261173448186,0.5053672098231524,0.6738437001594896,1.110315461880257,0.6277760863304138
BombCyclone,FFWI,DRN,0.48746215799394527,0.6590470306587382,0.3481515429269783,1.0016884134689834,1.0187618732452393
BombCyclone,FFWI,Ens mean,0.43916762415421934,0.5313151594717739,0.28310930499114306,0.953209257820791,1.0051521062850952
BombCyclone,FFWI,Ens member,0.3689590515937821,0.47107884778747394,0.3700950020652623,0.9389025709826286,1.0026694536209106
BombCyclone,HDW,ERA5 interp,0.3309037037037037,0.8624604216541818,0.6506615784040789,1.4054210022009095,0.6318404674530029
BombCyclone,HDW,DRN,0.5377381593769898,0.8478646999768322,0.40483547460291647,1.0886340767147649,0.8196777105331421
BombCyclone,HDW,Ens mean,0.5251815413445772,0.6925631322882075,0.3151584574264987,1.0026653093073268,0.8932670950889587
BombCyclone,HDW,Ens member,0.40720004816085725,0.5223569387597498,0.35123729138691734,0.9532305942966807,0.9456157088279724
BombCyclone,WS,ERA5 interp,0.12084206223493946,0.18263958606842226,0.7368421052631579,0.957517188093413,0.5834883451461792
BombCyclone,WS,DRN,0.5563427800269906,0.6367287049192988,0.18495452748121788,0.9524640078291606,0.9486735463142395
BombCyclone,WS,Ens mean,0.5474209650582362,0.6351841841068808,0.20153383166682845,0.953748328043818,0.9521874189376831
BombCyclone,WS,Ens member,0.5125473332905461,0.6167271603984864,0.24788095686569975,0.9605560682077676,0.9513260722160339
BombCyclone,VPD,ERA5 interp,0.45081449677989643,0.8270908950498108,0.5022771633051398,1.1938281653001794,0.8482440710067749
BombCyclone,VPD,DRN,0.5408588252190147,0.8724998069348985,0.4127248154693835,1.10894016798508,0.8536363840103149
BombCyclone,VPD,Ens mean,0.5416501050479814,0.73665920148274,0.32828674037039646,1.0231168473438006,0.8193856477737427
BombCyclone,VPD,Ens member,0.5372133027522936,0.7235307745771874,0.32402597402597405,1.0186528306960394,0.8695312738418579
Dorian,FFWI,ERA5 interp,0.30600809380512606,0.49471565173628584,0.5548679245283019,1.0259607753576772,0.44055166840553284
Dorian,FFWI,DRN,0.2274657086871326,0.23368562321758093,0.10475578406169665,0.8110904918451447,0.7693617939949036
Dorian,FFWI,Ens mean,0.12613956572186308,0.1276631437678242,0.08643457382953182,0.7242027166273042,0.777453601360321
Dorian,FFWI,Ens member,0.13200697066511763,0.1524911927528938,0.5043620501635769,0.8123134606082798,0.7402411103248596
Dorian,HDW,ERA5 interp,0.25958601968103157,0.5133366884750881,0.6556768313266569,1.0437669405781467,0.5025424361228943
Dorian,HDW,DRN,0.08418789282170029,0.08538835765811105,0.14309764309764308,0.7964596718380943,1.019789218902588
Dorian,HDW,Ens mean,0.05854956753160346,0.05905049488340883,0.12655086848635236,0.7167120391673334,0.8741084933280945
Dorian,HDW,Ens member,0.041465276011193083,0.05468881060224794,0.8536147283340817,0.7929043728203093,0.7820364832878113
Dorian,WS,ERA5 interp,0.48904609767229573,0.7190068780405973,0.39540132599802513,1.0566076495893488,0.7984590530395508
Dorian,WS,DRN,0.38552270156729684,0.4002684113403791,0.08722264728385616,0.8151343312759768,0.8576726317405701
Dorian,WS,Ens mean,0.3170614596670935,0.3323267908069116,0.12654320987654322,0.8020925331699392,0.8481287956237793
Dorian,WS,Ens member,0.2950965824665676,0.3331655762455964,0.2791288566243194,0.8642718632114137,0.8255952596664429
Dorian,VPD,ERA5 interp,0.2520870495897253,0.5926857909746687,0.6950893242426858,1.0866917179932867,0.8420596122741699
Dorian,VPD,DRN,0.3118766999093382,0.346250629089079,0.2414553472987872,0.9256776298788671,0.8158067464828491
Dorian,VPD,Ens mean,0.030035040881027864,0.03019627579265224,0.1509433962264151,0.857343917059473,0.8101435303688049
Dorian,VPD,Ens member,0.053431976983148374,0.06542526421741318,0.7743055555555556,0.8616144106156166,0.8616898059844971
IowaDerecho,FFWI,ERA5 interp,0.48615957199348686,0.7166738105443635,0.39817147793535385,1.032295556663793,0.6592971086502075
IowaDerecho,FFWI,DRN,0.5027993649201972,0.5158165452207458,0.04779237221079285,0.9241041852319168,0.7376738786697388
IowaDerecho,FFWI,Ens mean,0.49333333333333335,0.5233604800685813,0.10418195157740279,0.9098232784997974,0.8398516178131104
IowaDerecho,FFWI,Ens member,0.39248944522627954,0.45426489498499784,0.257323055360897,0.9202958610758604,0.9895026683807373
IowaDerecho,HDW,ERA5 interp,0.5423849643551523,0.7174453493356193,0.31028514916762817,1.0253021267041018,0.8211160898208618
IowaDerecho,HDW,DRN,0.645096525096525,0.7161594513501929,0.13331258429297646,0.9367872374563488,0.8738003373146057
IowaDerecho,HDW,Ens mean,0.5922011960350618,0.6197171024432062,0.0697464933727963,0.8958930189778805,0.8166043162345886
IowaDerecho,HDW,Ens member,0.60698592388471,0.6986712387483927,0.1777643260694108,0.944071658272087,0.8474555611610413
IowaDerecho,WS,ERA5 interp,0.44959885258392723,0.8599228461208744,0.5148715964598346,1.136063650629051,0.8098365664482117
IowaDerecho,WS,DRN,0.4656235182550972,0.505100728675525,0.1437291091411132,0.9407719787219954,0.8727390170097351
IowaDerecho,WS,Ens mean,0.44469124833407375,0.5148735533647664,0.23461195361284568,0.9456907371673557,0.9282084703445435
IowaDerecho,WS,Ens member,0.38211020822752667,0.5159879982854694,0.4044132198693845,0.9729336872038189,1.0864537954330444
IowaDerecho,VPD,ERA5 interp,0.2253542587231449,0.25357908272610374,0.33061778682959947,0.8956535587850425,0.9021077156066895
IowaDerecho,VPD,DRN,0.5334967966463656,0.5782254607801115,0.12663472743752427,0.9712823783965188,0.8507739901542664
IowaDerecho,VPD,Ens mean,0.43289932771679007,0.4360908701243035,0.016624782524647205,0.9177530275702834,0.8526141047477722
IowaDerecho,VPD,Ens member,0.4754744290768736,0.5069009858551221,0.11535008976660682,0.9331372173080585,1.0009034872055054
Laura,FFWI,ERA5 interp,0.43962531486146095,0.681929181929182,0.4469749480146549,1.0590955291086328,0.6864354014396667
Laura,FFWI,DRN,0.4894242732722543,0.5283272283272283,0.1307754118119727,0.9270118454849849,1.0460436344146729
Laura,FFWI,Ens mean,0.30524475524475525,0.31978021978021975,0.1296111665004985,0.8912365064864431,1.0589896440505981
Laura,FFWI,Ens member,0.49347360218195985,0.6185592185592186,0.2906748809857183,0.9751927753504916,1.0986119508743286
Laura,HDW,ERA5 interp,0.35431352802954014,0.5155067155067155,0.46879718168092605,0.9941211962229085,0.6641545295715332
Laura,HDW,DRN,0.5304054054054054,0.555921855921856,0.07964422882555083,0.9106166939062056,0.9889901876449585
Laura,HDW,Ens mean,0.3177077089078048,0.3235653235653236,0.05390931810067833,0.858259742197897,0.9683378338813782
Laura,HDW,Ens member,0.4930085701398286,0.5338217338217338,0.13425742574257427,0.9162677579207434,1.0020887851715088
Laura,WS,ERA5 interp,0.43076267575628463,0.7406593406593407,0.4927245358755645,1.0867400901479265,0.8754051923751831
Laura,WS,DRN,0.3611111111111111,0.37777777777777777,0.10887096774193548,0.8808114309987776,0.6826549768447876
Laura,WS,Ens mean,0.4323287052714753,0.46764346764346765,0.1486997110468993,0.8843922532976102,0.6901499629020691
Laura,WS,Ens member,0.3535882101665955,0.4042735042735043,0.26176142697881827,0.9125581793326191,0.7054577469825745
Laura,VPD,ERA5 interp,0.1945869170677819,0.3010989010989011,0.6451287955101453,0.9821039325720803,0.9540970325469971
Laura,VPD,DRN,0.1953580464195358,0.21684981684981686,0.3365707881957415,0.9538103547591917,0.8655133843421936
Laura,VPD,Ens mean,0.07109172365008253,0.07362637362637363,0.32625698324022345,0.9093758442866423,0.8500842452049255
Laura,VPD,Ens member,0.030845996824676796,0.03321123321123321,0.6977777777777778,0.9136776940554739,0.8177268505096436
LaborDay_heat,FFWI,ERA5 interp,0.05153669245243571,0.06220035326772647,0.7688701359587435,0.6636503594195413,0.6382283568382263
LaborDay_heat,FFWI,DRN,0.465747178844181,0.5155185465556397,0.17170079059395904,0.897271067832142,0.8787345290184021
LaborDay_heat,FFWI,Ens mean,0.4637322427894963,0.5436537976280595,0.24070484581497797,0.9249214001232933,0.9390290975570679
LaborDay_heat,FFWI,Ens member,0.426842907981698,0.5296492556144335,0.31259210741771737,0.9414311735304708,0.9907508492469788
LaborDay_heat,HDW,ERA5 interp,0.02757277572775728,0.03393893515013879,0.8718437351119581,0.7780135219438918,0.4772935211658478
LaborDay_heat,HDW,DRN,0.19081439393939395,0.20338127681049709,0.24461105904404873,0.7988091957156847,0.623386800289154
LaborDay_heat,HDW,Ens mean,0.2237508254457407,0.2564976028261418,0.3632947071719386,0.8445360613324927,0.6757485270500183
LaborDay_heat,HDW,Ens member,0.19131334022750776,0.23340903356043402,0.4852531997774068,0.8615421862889763,0.7543492317199707
LaborDay_heat,WS,ERA5 interp,0.02097902097902098,0.024224072672218017,0.8645980253878702,0.6967536308172343,0.5145312547683716
LaborDay_heat,WS,DRN,0.49284395198522624,0.5387332828665152,0.14736421725239618,0.8900174345502335,0.8564243912696838
LaborDay_heat,WS,Ens mean,0.504711929749411,0.5946252838758517,0.23053061224489796,0.9368981956994622,0.9145609140396118
LaborDay_heat,WS,Ens member,0.46878209077839395,0.5759525611910169,0.28414615022737966,0.9465110791421079,0.8754227161407471
LaborDay_heat,VPD,ERA5 interp,0.43123714369673816,0.7406005551349988,0.49203876773970234,1.0808730257831785,0.8614308834075928
LaborDay_heat,VPD,DRN,0.5623137778691051,0.6905122382033813,0.24821428571428572,0.9891863042022165,0.907133936882019
LaborDay_heat,VPD,Ens mean,0.5078895463510849,0.584784254352763,0.20565552699228792,0.9698386222554181,0.894864022731781
LaborDay_heat,VPD,Ens member,0.4905931828242585,0.559298511228867,0.20025257081003067,0.9610720252107514,0.8983385562896729
Sally,FFWI,ERA5 interp,0.157992277992278,0.4532565352237483,0.8048082427017744,1.2427623686440201,0.6813625693321228
Sally,FFWI,DRN,0.16580262041662738,0.2597843745384729,0.6857244952653208,0.9729372781944108,0.876025378704071
Sally,FFWI,Ens mean,0.1421359223300971,0.21621621621621623,0.7067895053074305,0.9501438254592439,0.8761137127876282
Sally,FFWI,Ens member,0.14323934966042395,0.20558263181214,0.6791887531689329,0.915682869720606,0.8505216240882874
Sally,HDW,ERA5 interp,0.07697993063846723,0.19997046226554424,0.8887610910285902,1.234361407523252,0.7363304495811462
Sally,HDW,DRN,0.08783591301870668,0.1366120218579235,0.8025613660618997,0.9181090920034044,0.7939942479133606
Sally,HDW,Ens mean,0.06939555466157095,0.10190518387239698,0.8213360952874158,0.8840329155921169,0.7286381125450134
Sally,HDW,Ens member,0.0606842400448682,0.07989957170285039,0.7985102420856611,0.8320746436659001,0.8449491262435913
Sally,WS,ERA5 interp,0.22327570180330916,0.7094963816275291,0.7542585298480741,1.4353823860497559,0.8998717665672302
Sally,WS,DRN,0.299553792761527,0.4461674789543642,0.5231254932912391,0.9890282222728671,0.8869433999061584
Sally,WS,Ens mean,0.29948221145815934,0.5296115787919067,0.5919899874843555,1.040797347333101,0.9110382199287415
Sally,WS,Ens member,0.28839688396883967,0.519421060404667,0.6066435521753719,1.0460316096072286,0.9350581765174866
Sally,VPD,ERA5 interp,0.18826997203537146,0.36789248264658103,0.721707071835549,1.0322299908629446,0.7056544423103333
Sally,VPD,DRN,0.488218426630096,0.5783488406439226,0.24196670538133952,0.9646577406480924,0.7086688280105591
Sally,VPD,Ens mean,0.027785817655571636,0.028356225077536552,0.4199395770392749,0.8260125709413589,0.6949772834777832
Sally,VPD,Ens member,0.15527625032731082,0.17515876532269975,0.42230881636629325,0.8715685935927969,1.1653701066970825
