event,year,method,rmse,bias,mae,npx
Florence,2018,ERA5 interp,1.1546199321746826,0.5603359937667847,0.9203733205795288,80497
Florence,2018,MRPD s2 (12→4km reg.),12.784769058227539,-12.052972793579102,12.052986145019531,80497
Florence,2018,MRPD s3 (final reg.),14.355621337890625,-13.675270080566406,13.694948196411133,80497
Florence,2018,DRN (ours),0.8752294182777405,0.3679846525192261,0.6591079235076904,80497
Florence,2018,Ens mean (ours),0.8642175197601318,0.18559886515140533,0.6645299792289734,80497
Florence,2018,Ens member (ours),0.795117974281311,0.15605394542217255,0.606471061706543,80497
Michael,2018,ERA5 interp,0.9562124609947205,0.2640966773033142,0.79100102186203,82960
Michael,2018,MRPD s2 (12→4km reg.),10.646394729614258,-9.97195816040039,9.972134590148926,82960
Michael,2018,MRPD s3 (final reg.),12.726922035217285,-11.855138778686523,11.901237487792969,82960
Michael,2018,DRN (ours),0.8648636341094971,0.4041041135787964,0.7318714261054993,82960
Michael,2018,Ens mean (ours),0.7989391088485718,0.13763396441936493,0.6442554593086243,82960
Michael,2018,Ens member (ours),1.0061277151107788,0.07053578644990921,0.7928516268730164,82960
CampFire_wind,2018,ERA5 interp,2.1545636653900146,0.27725711464881897,1.5919088125228882,116236
CampFire_wind,2018,MRPD s2 (12→4km reg.),8.239108085632324,-4.349554538726807,6.6428022384643555,116236
CampFire_wind,2018,MRPD s3 (final reg.),11.67230224609375,4.798133850097656,9.612799644470215,116236
CampFire_wind,2018,DRN (ours),1.4927661418914795,-0.406585156917572,1.1137709617614746,116236
CampFire_wind,2018,Ens mean (ours),1.5327990055084229,-0.5629419088363647,1.1515934467315674,116236
CampFire_wind,2018,Ens member (ours),1.6623637676239014,-0.6021294593811035,1.2852814197540283,116236
PolarVortex,2019,ERA5 interp,3.8030502796173096,2.8370425701141357,3.263478994369507,178508
PolarVortex,2019,MRPD s2 (12→4km reg.),11.261486053466797,3.99357271194458,8.731331825256348,178508
PolarVortex,2019,MRPD s3 (final reg.),26.41196060180664,23.05261993408203,23.089523315429688,178508
PolarVortex,2019,DRN (ours),2.033643960952759,0.29891443252563477,1.5412546396255493,178508
PolarVortex,2019,Ens mean (ours),2.1464476585388184,0.03645512834191322,1.6060246229171753,178508
PolarVortex,2019,Ens member (ours),2.328115463256836,0.10491709411144257,1.7693558931350708,178508
BombCyclone,2019,ERA5 interp,2.2509353160858154,-0.06353235244750977,1.656502366065979,199333
BombCyclone,2019,MRPD s2 (12→4km reg.),5.819328784942627,-3.7115273475646973,4.770552635192871,199333
BombCyclone,2019,MRPD s3 (final reg.),8.212786674499512,1.870483160018921,6.4772515296936035,199333
BombCyclone,2019,DRN (ours),1.0254029035568237,-0.3117219805717468,0.6920129656791687,199333
BombCyclone,2019,Ens mean (ours),1.2322443723678589,-0.6163536310195923,0.8489312529563904,199333
BombCyclone,2019,Ens member (ours),1.3495408296585083,-0.6036490797996521,0.9912030100822449,199333
Dorian,2019,ERA5 interp,1.414963960647583,0.71129310131073,1.1540628671646118,83403
Dorian,2019,MRPD s2 (12→4km reg.),10.388497352600098,-8.988548278808594,8.994016647338867,83403
Dorian,2019,MRPD s3 (final reg.),12.035168647766113,-10.735917091369629,10.832595825195312,83403
Dorian,2019,DRN (ours),0.9550698399543762,0.18061698973178864,0.7818965911865234,83403
Dorian,2019,Ens mean (ours),1.0190589427947998,0.028045397251844406,0.8206940293312073,83403
Dorian,2019,Ens member (ours),1.3056620359420776,-0.1436547189950943,1.0322195291519165,83403
IowaDerecho,2020,ERA5 interp,1.6837619543075562,-0.5752314329147339,1.4168038368225098,177460
IowaDerecho,2020,MRPD s2 (12→4km reg.),13.210091590881348,-12.513860702514648,12.515846252441406,177460
IowaDerecho,2020,MRPD s3 (final reg.),15.723797798156738,-14.884183883666992,14.897984504699707,177460
IowaDerecho,2020,DRN (ours),1.1226829290390015,0.28511184453964233,0.8722795844078064,177460
IowaDerecho,2020,Ens mean (ours),1.1145052909851074,0.07077206671237946,0.8866732120513916,177460
IowaDerecho,2020,Ens member (ours),1.2743604183197021,0.08465109020471573,0.9853187799453735,177460
Laura,2020,ERA5 interp,1.9320939779281616,-0.9563034772872925,1.464882493019104,126166
Laura,2020,MRPD s2 (12→4km reg.),16.12186622619629,-15.723082542419434,15.72411060333252,126166
Laura,2020,MRPD s3 (final reg.),18.04937171936035,-17.621017456054688,17.624675750732422,126166
Laura,2020,DRN (ours),1.20579993724823,-0.42197421193122864,0.9098348021507263,126166
Laura,2020,Ens mean (ours),1.2895822525024414,-0.5998081564903259,0.9981698393821716,126166
Laura,2020,Ens member (ours),1.5890765190124512,-0.6950456500053406,1.2679938077926636,126166
LaborDay_heat,2020,ERA5 interp,2.041093349456787,0.31163084506988525,1.6068364381790161,114559
LaborDay_heat,2020,MRPD s2 (12→4km reg.),14.356023788452148,-13.153055191040039,13.1758451461792,114559
LaborDay_heat,2020,MRPD s3 (final reg.),16.04937171936035,-14.810821533203125,14.91545581817627,114559
LaborDay_heat,2020,DRN (ours),1.2699350118637085,-0.045966941863298416,0.8178938031196594,114559
LaborDay_heat,2020,Ens mean (ours),1.3052185773849487,-0.21995702385902405,0.863368809223175,114559
LaborDay_heat,2020,Ens member (ours),1.3633058071136475,-0.2149365097284317,0.9129917621612549,114559
Sally,2020,ERA5 interp,1.1139029264450073,-0.39775967597961426,0.8879430890083313,99839
Sally,2020,MRPD s2 (12→4km reg.),10.914850234985352,-10.293232917785645,10.294313430786133,99839
Sally,2020,MRPD s3 (final reg.),13.072796821594238,-12.19638729095459,12.223701477050781,99839
Sally,2020,DRN (ours),0.8896529078483582,-0.5114040374755859,0.7162630558013916,99839
Sally,2020,Ens mean (ours),1.0434012413024902,-0.7419524192810059,0.8425419330596924,99839
Sally,2020,Ens member (ours),1.2890260219573975,-0.7970461845397949,1.071174144744873,99839
