event,truth_max,era5_max,drn_max,ens_max,frac_gt_1000mm,logrmse_era5,logrmse_drn,logrmse_member,logrmse_ensmean,neg_frac_member
Florence,456.93536376953125,320.94769287109375,550.4244384765625,3617.597900390625,0.0002580458479451345,0.7907981872558594,0.6655610203742981,0.8816949129104614,0.8931611776351929,0.5160139582289633
Michael,276.8995666503906,98.92938995361328,91.69287872314453,12164.330078125,4.991102816718024e-05,1.2481218576431274,1.0291067361831665,1.4628632068634033,1.3593741655349731,0.005928562128379845
CampFire_wind,10.43397331237793,5.4559454917907715,4.468464374542236,27.25454330444336,0.0,0.17791490256786346,0.16974972188472748,0.23158858716487885,0.18667198717594147,0.0175643531996538
PolarVortex,11.68039608001709,6.92781925201416,8.509394645690918,38.236209869384766,0.0,0.320966511964798,0.2880823016166687,0.3799159526824951,0.3025369942188263,0.004497055915728322
BombCyclone,72.98741149902344,56.75835418701172,56.73242950439453,277.8594055175781,0.0,0.6193411350250244,0.5496155023574829,0.9366790652275085,0.6422895789146423,0.05335608953690868
Dorian,364.9709777832031,134.88307189941406,64.2961196899414,771.1000366210938,0.0,0.4660506546497345,0.47637373208999634,0.8447657227516174,0.7815989851951599,0.3553650372880787
IowaDerecho,161.02952575683594,45.50723648071289,10.135414123535156,782.9141235351562,0.0,1.185210108757019,0.9226311445236206,1.2680418491363525,1.1145918369293213,0.09269689410110674
Laura,311.53668212890625,170.42828369140625,166.53671264648438,1815.3033447265625,6.410647780694792e-05,0.8119178414344788,0.6116293668746948,0.9564182758331299,0.9238803386688232,0.080658159838818
LaborDay_heat,13.446988105773926,1.9561047554016113,1.086374282836914,79.20377349853516,0.0,0.09571988880634308,0.10602008551359177,0.14631490409374237,0.13412708044052124,0.12447559506160379
Sally,409.8924560546875,246.96377563476562,582.3215942382812,12538.546875,0.00022615495953210848,0.8157274127006531,0.687420666217804,0.9682873487472534,0.8948302268981934,0.20021267797010692
